date,symbol,asset_name,asset_type,close,daily_return,provider
2025-01-02,^DJI,Dow Jones Industrial Average,index,42392.26953125,,yfinance
2025-01-03,^DJI,Dow Jones Industrial Average,index,42732.12890625,0.0080170129780259,yfinance
2025-01-06,^DJI,Dow Jones Industrial Average,index,42706.55859375,-0.0005983861126156,yfinance
2025-01-07,^DJI,Dow Jones Industrial Average,index,42528.359375,-0.0041726429058621,yfinance
2025-01-08,^DJI,Dow Jones Industrial Average,index,42635.19921875,0.0025122023355739,yfinance
2025-01-10,^DJI,Dow Jones Industrial Average,index,41938.44921875,-0.0163421307456582,yfinance
2025-01-13,^DJI,Dow Jones Industrial Average,index,42297.12109375,0.0085523399572831,yfinance
2025-01-14,^DJI,Dow Jones Industrial Average,index,42518.28125,0.0052287283515066,yfinance
2025-01-15,^DJI,Dow Jones Industrial Average,index,43221.55078125,0.0165404035764027,yfinance
2025-01-16,^DJI,Dow Jones Industrial Average,index,43153.12890625,-0.0015830499776903,yfinance
2025-01-17,^DJI,Dow Jones Industrial Average,index,43487.828125,0.0077560822872688,yfinance
2025-01-21,^DJI,Dow Jones Industrial Average,index,44025.80859375,0.0123708286190711,yfinance
2025-01-22,^DJI,Dow Jones Industrial Average,index,44156.73046875,0.0029737528777287,yfinance
2025-01-23,^DJI,Dow Jones Industrial Average,index,44565.0703125,0.0092475108418406,yfinance
2025-01-24,^DJI,Dow Jones Industrial Average,index,44424.25,-0.0031598808553994,yfinance
2025-01-27,^DJI,Dow Jones Industrial Average,index,44713.578125,0.0065128420851223,yfinance
2025-01-28,^DJI,Dow Jones Industrial Average,index,44850.3515625,0.0030588792763943,yfinance
2025-01-29,^DJI,Dow Jones Industrial Average,index,44713.51953125,-0.003050857495717,yfinance
2025-01-30,^DJI,Dow Jones Industrial Average,index,44882.12890625,0.0037708813076582,yfinance
2025-01-31,^DJI,Dow Jones Industrial Average,index,44544.66015625,-0.0075190005069702,yfinance
2025-02-03,^DJI,Dow Jones Industrial Average,index,44421.91015625,-0.0027556613872331,yfinance
2025-02-04,^DJI,Dow Jones Industrial Average,index,44556.0390625,0.0030194313071683,yfinance
2025-02-05,^DJI,Dow Jones Industrial Average,index,44873.28125,0.0071200715812058,yfinance
2025-02-06,^DJI,Dow Jones Industrial Average,index,44747.62890625,-0.0028001594768601,yfinance
2025-02-07,^DJI,Dow Jones Industrial Average,index,44303.3984375,-0.0099274638591622,yfinance
2025-02-10,^DJI,Dow Jones Industrial Average,index,44470.41015625,0.003769727033144,yfinance
2025-02-11,^DJI,Dow Jones Industrial Average,index,44593.6484375,0.0027712422893557,yfinance
2025-02-12,^DJI,Dow Jones Industrial Average,index,44368.55859375,-0.0050475763171849,yfinance
2025-02-13,^DJI,Dow Jones Industrial Average,index,44711.4296875,0.0077277942898577,yfinance
2025-02-14,^DJI,Dow Jones Industrial Average,index,44546.078125,-0.0036981944808226,yfinance
2025-02-18,^DJI,Dow Jones Industrial Average,index,44556.33984375,0.0002303618900232,yfinance
2025-02-19,^DJI,Dow Jones Industrial Average,index,44627.58984375,0.0015990990339389,yfinance
2025-02-20,^DJI,Dow Jones Industrial Average,index,44176.6484375,-0.0101045431274428,yfinance
2025-02-21,^DJI,Dow Jones Industrial Average,index,43428.01953125,-0.0169462585489965,yfinance
2025-02-24,^DJI,Dow Jones Industrial Average,index,43461.2109375,0.0007642855144733,yfinance
2025-02-25,^DJI,Dow Jones Industrial Average,index,43621.16015625,0.003680275245437,yfinance
2025-02-26,^DJI,Dow Jones Industrial Average,index,43433.12109375,-0.0043107304305169,yfinance
2025-02-27,^DJI,Dow Jones Industrial Average,index,43239.5,-0.0044579134281432,yfinance
2025-02-28,^DJI,Dow Jones Industrial Average,index,43840.91015625,0.0139088138449796,yfinance
2025-03-03,^DJI,Dow Jones Industrial Average,index,43191.23828125,-0.0148188500805425,yfinance
2025-03-04,^DJI,Dow Jones Industrial Average,index,42520.98828125,-0.0155181936585264,yfinance
2025-03-05,^DJI,Dow Jones Industrial Average,index,43006.58984375,0.0114202793050821,yfinance
2025-03-06,^DJI,Dow Jones Industrial Average,index,42579.078125,-0.0099406095740959,yfinance
2025-03-07,^DJI,Dow Jones Industrial Average,index,42801.71875,0.0052288737756696,yfinance
2025-03-10,^DJI,Dow Jones Industrial Average,index,41911.7109375,-0.0207937400294234,yfinance
2025-03-11,^DJI,Dow Jones Industrial Average,index,41433.48046875,-0.0114104258225857,yfinance
2025-03-12,^DJI,Dow Jones Industrial Average,index,41350.9296875,-0.0019923689807391,yfinance
2025-03-13,^DJI,Dow Jones Industrial Average,index,40813.5703125,-0.0129950977900852,yfinance
2025-03-14,^DJI,Dow Jones Industrial Average,index,41488.19140625,0.0165293329788249,yfinance
2025-03-17,^DJI,Dow Jones Industrial Average,index,41841.62890625,0.0085189902962787,yfinance
2025-03-18,^DJI,Dow Jones Industrial Average,index,41581.30859375,-0.0062215625754741,yfinance
2025-03-19,^DJI,Dow Jones Industrial Average,index,41964.62890625,0.0092185726102331,yfinance
2025-03-20,^DJI,Dow Jones Industrial Average,index,41953.3203125,-0.0002694791791263,yfinance
2025-03-21,^DJI,Dow Jones Industrial Average,index,41985.3515625,0.0007634973766417,yfinance
2025-03-24,^DJI,Dow Jones Industrial Average,index,42583.3203125,0.0142423185169677,yfinance
2025-03-25,^DJI,Dow Jones Industrial Average,index,42587.5,9.815316112815609e-05,yfinance
2025-03-26,^DJI,Dow Jones Industrial Average,index,42454.7890625,-0.0031161945993543,yfinance
2025-03-27,^DJI,Dow Jones Industrial Average,index,42299.69921875,-0.003653058869794,yfinance
2025-03-28,^DJI,Dow Jones Industrial Average,index,41583.8984375,-0.0169221246124774,yfinance
2025-03-31,^DJI,Dow Jones Industrial Average,index,42001.76171875,0.0100486798244288,yfinance
2025-04-01,^DJI,Dow Jones Industrial Average,index,41989.9609375,-0.000280959197117,yfinance
2025-04-02,^DJI,Dow Jones Industrial Average,index,42225.3203125,0.005605134411778,yfinance
2025-04-03,^DJI,Dow Jones Industrial Average,index,40545.9296875,-0.0397721228062027,yfinance
2025-04-04,^DJI,Dow Jones Industrial Average,index,38314.859375,-0.0550257530088851,yfinance
2025-04-07,^DJI,Dow Jones Industrial Average,index,37965.6015625,-0.009115466380333,yfinance
2025-04-08,^DJI,Dow Jones Industrial Average,index,37645.58984375,-0.0084289911282766,yfinance
2025-04-09,^DJI,Dow Jones Industrial Average,index,40608.44921875,0.0787040231617435,yfinance
2025-04-10,^DJI,Dow Jones Industrial Average,index,39593.66015625,-0.0249896039376811,yfinance
2025-04-11,^DJI,Dow Jones Industrial Average,index,40212.7109375,0.0156350986195015,yfinance
2025-04-14,^DJI,Dow Jones Industrial Average,index,40524.7890625,0.0077606835680648,yfinance
2025-04-15,^DJI,Dow Jones Industrial Average,index,40368.9609375,-0.0038452544382074,yfinance
2025-04-16,^DJI,Dow Jones Industrial Average,index,39669.390625,-0.0173294109200157,yfinance
2025-04-17,^DJI,Dow Jones Industrial Average,index,39142.23046875,-0.0132888392774498,yfinance
2025-04-21,^DJI,Dow Jones Industrial Average,index,38170.41015625,-0.0248279237248851,yfinance
2025-04-22,^DJI,Dow Jones Industrial Average,index,39186.98046875,0.0266324178424774,yfinance
2025-04-23,^DJI,Dow Jones Industrial Average,index,39606.5703125,0.0107073787959908,yfinance
2025-04-24,^DJI,Dow Jones Industrial Average,index,40093.3984375,0.0122916001349997,yfinance
2025-04-25,^DJI,Dow Jones Industrial Average,index,40113.5,0.0005013683869012,yfinance
2025-04-28,^DJI,Dow Jones Industrial Average,index,40227.58984375,0.0028441757450734,yfinance
2025-04-29,^DJI,Dow Jones Industrial Average,index,40527.62109375,0.0074583451597614,yfinance
2025-04-30,^DJI,Dow Jones Industrial Average,index,40669.359375,0.0034973254640859,yfinance
2025-05-01,^DJI,Dow Jones Industrial Average,index,40752.9609375,0.0020556400146147,yfinance
2025-05-02,^DJI,Dow Jones Industrial Average,index,41317.4296875,0.0138509874378376,yfinance
2025-05-05,^DJI,Dow Jones Industrial Average,index,41218.828125,-0.0023864398934242,yfinance
2025-05-06,^DJI,Dow Jones Industrial Average,index,40829.0,-0.0094575256680711,yfinance
2025-05-07,^DJI,Dow Jones Industrial Average,index,41113.96875,0.0069795672193784,yfinance
2025-05-08,^DJI,Dow Jones Industrial Average,index,41368.44921875,0.0061896352137009,yfinance
2025-05-09,^DJI,Dow Jones Industrial Average,index,41249.37890625,-0.0028782880371071,yfinance
2025-05-12,^DJI,Dow Jones Industrial Average,index,42410.1015625,0.0281391547467428,yfinance
2025-05-13,^DJI,Dow Jones Industrial Average,index,42140.4296875,-0.0063586708134283,yfinance
2025-05-14,^DJI,Dow Jones Industrial Average,index,42051.05859375,-0.002120792180164,yfinance
2025-05-15,^DJI,Dow Jones Industrial Average,index,42322.75,0.0064609885062532,yfinance
2025-05-16,^DJI,Dow Jones Industrial Average,index,42654.73828125,0.007844203915152,yfinance
2025-05-19,^DJI,Dow Jones Industrial Average,index,42792.0703125,0.0032196195964087,yfinance
2025-05-20,^DJI,Dow Jones Industrial Average,index,42677.23828125,-0.0026834885625166,yfinance
2025-05-21,^DJI,Dow Jones Industrial Average,index,41860.44140625,-0.0191389346615442,yfinance
2025-05-22,^DJI,Dow Jones Industrial Average,index,41859.08984375,-3.2287344676640295e-05,yfinance
2025-05-23,^DJI,Dow Jones Industrial Average,index,41603.0703125,-0.0061162230761743,yfinance
2025-05-27,^DJI,Dow Jones Industrial Average,index,42343.6484375,0.0178010449574315,yfinance
2025-05-28,^DJI,Dow Jones Industrial Average,index,42098.69921875,-0.0057847924727494,yfinance
2025-05-29,^DJI,Dow Jones Industrial Average,index,42215.73046875,0.0027799255599774,yfinance
2025-05-30,^DJI,Dow Jones Industrial Average,index,42270.0703125,0.0012871942080978,yfinance
2025-06-02,^DJI,Dow Jones Industrial Average,index,42305.48046875,0.0008377122627953,yfinance
2025-06-03,^DJI,Dow Jones Industrial Average,index,42519.640625,0.0050622319821707,yfinance
2025-06-04,^DJI,Dow Jones Industrial Average,index,42427.73828125,-0.0021614092311016,yfinance
2025-06-05,^DJI,Dow Jones Industrial Average,index,42319.73828125,-0.0025455045301749,yfinance
2025-06-06,^DJI,Dow Jones Industrial Average,index,42762.87109375,0.0104710669417427,yfinance
2025-06-09,^DJI,Dow Jones Industrial Average,index,42761.76171875,-2.5942481681529017e-05,yfinance
2025-06-10,^DJI,Dow Jones Industrial Average,index,42866.87109375,0.0024580225597654,yfinance
2025-06-11,^DJI,Dow Jones Industrial Average,index,42865.76953125,-2.5697291915482975e-05,yfinance
2025-06-12,^DJI,Dow Jones Industrial Average,index,42967.62109375,0.002376058183809,yfinance
2025-06-13,^DJI,Dow Jones Industrial Average,index,42197.7890625,-0.0179165616260281,yfinance
2025-06-16,^DJI,Dow Jones Industrial Average,index,42515.08984375,0.0075193698129549,yfinance
2025-06-17,^DJI,Dow Jones Industrial Average,index,42215.80078125,-0.0070395961433913,yfinance
2025-06-18,^DJI,Dow Jones Industrial Average,index,42171.66015625,-0.0010455948763999,yfinance
2025-06-20,^DJI,Dow Jones Industrial Average,index,42206.8203125,0.0008337389640276,yfinance
2025-06-23,^DJI,Dow Jones Industrial Average,index,42581.78125,0.0088838944683296,yfinance
2025-06-24,^DJI,Dow Jones Industrial Average,index,43089.01953125,0.0119120963557624,yfinance
2025-06-25,^DJI,Dow Jones Industrial Average,index,42982.4296875,-0.0024737124425098,yfinance
2025-06-26,^DJI,Dow Jones Industrial Average,index,43386.83984375,0.009408731874634,yfinance
2025-06-27,^DJI,Dow Jones Industrial Average,index,43819.26953125,0.0099668399232881,yfinance
2025-06-30,^DJI,Dow Jones Industrial Average,index,44094.76953125,0.0062871883294066,yfinance
2025-07-01,^DJI,Dow Jones Industrial Average,index,44494.94140625,0.0090752685466786,yfinance
2025-07-02,^DJI,Dow Jones Industrial Average,index,44484.421875,-0.0002364208361115,yfinance
2025-07-03,^DJI,Dow Jones Industrial Average,index,44828.53125,0.0077355029130632,yfinance
2025-07-07,^DJI,Dow Jones Industrial Average,index,44406.359375,-0.0094174817516466,yfinance
2025-07-08,^DJI,Dow Jones Industrial Average,index,44240.76171875,-0.003729142820549,yfinance
2025-07-09,^DJI,Dow Jones Industrial Average,index,44458.30078125,0.0049171635850882,yfinance
2025-07-10,^DJI,Dow Jones Industrial Average,index,44650.640625,0.0043262976850235,yfinance
2025-07-11,^DJI,Dow Jones Industrial Average,index,44371.51171875,-0.0062513975688338,yfinance
2025-07-14,^DJI,Dow Jones Industrial Average,index,44459.6484375,0.0019863357216372,yfinance
2025-07-15,^DJI,Dow Jones Industrial Average,index,44023.2890625,-0.0098147284185888,yfinance
2025-07-16,^DJI,Dow Jones Industrial Average,index,44254.78125,0.0052584028233635,yfinance
2025-07-17,^DJI,Dow Jones Industrial Average,index,44484.48828125,0.0051905585060372,yfinance
2025-07-18,^DJI,Dow Jones Industrial Average,index,44342.19140625,-0.0031987976145828,yfinance
2025-07-21,^DJI,Dow Jones Industrial Average,index,44323.0703125,-0.0004312167067888,yfinance
2025-07-22,^DJI,Dow Jones Industrial Average,index,44502.44140625,0.0040469013650306,yfinance
2025-07-23,^DJI,Dow Jones Industrial Average,index,45010.2890625,0.0114116808022735,yfinance
2025-07-24,^DJI,Dow Jones Industrial Average,index,44693.91015625,-0.0070290352014998,yfinance
2025-07-25,^DJI,Dow Jones Industrial Average,index,44901.921875,0.0046541400835771,yfinance
2025-07-28,^DJI,Dow Jones Industrial Average,index,44837.55859375,-0.0014334192961534,yfinance
2025-07-29,^DJI,Dow Jones Industrial Average,index,44632.98828125,-0.0045624766137136,yfinance
2025-07-30,^DJI,Dow Jones Industrial Average,index,44461.28125,-0.0038470879468792,yfinance
2025-07-31,^DJI,Dow Jones Industrial Average,index,44130.98046875,-0.0074289532816825,yfinance
2025-08-01,^DJI,Dow Jones Industrial Average,index,43588.578125,-0.0122907385693387,yfinance
2025-08-04,^DJI,Dow Jones Industrial Average,index,44173.640625,0.013422380934799,yfinance
2025-08-05,^DJI,Dow Jones Industrial Average,index,44111.73828125,-0.0014013412268982,yfinance
2025-08-06,^DJI,Dow Jones Industrial Average,index,44193.12109375,0.0018449241782565,yfinance
2025-08-07,^DJI,Dow Jones Industrial Average,index,43968.640625,-0.005079534171705,yfinance
2025-08-08,^DJI,Dow Jones Industrial Average,index,44175.609375,0.0047071901031736,yfinance
2025-08-11,^DJI,Dow Jones Industrial Average,index,43975.08984375,-0.0045391457885237,yfinance
2025-08-12,^DJI,Dow Jones Industrial Average,index,44458.609375,0.0109953051367948,yfinance
2025-08-13,^DJI,Dow Jones Industrial Average,index,44922.26953125,0.0104290296698017,yfinance
2025-08-14,^DJI,Dow Jones Industrial Average,index,44911.26171875,-0.0002450413261587,yfinance
2025-08-15,^DJI,Dow Jones Industrial Average,index,44946.12109375,0.0007761833817607,yfinance
2025-08-18,^DJI,Dow Jones Industrial Average,index,44911.8203125,-0.0007631533136853,yfinance
2025-08-19,^DJI,Dow Jones Industrial Average,index,44922.26953125,0.0002326607712022,yfinance
2025-08-20,^DJI,Dow Jones Industrial Average,index,44938.30859375,0.0003570403425152,yfinance
2025-08-21,^DJI,Dow Jones Industrial Average,index,44785.5,-0.0034004082158813,yfinance
2025-08-22,^DJI,Dow Jones Industrial Average,index,45631.73828125,0.0188953630360273,yfinance
2025-08-25,^DJI,Dow Jones Industrial Average,index,45282.46875,-0.0076540921824473,yfinance
2025-08-26,^DJI,Dow Jones Industrial Average,index,45418.0703125,0.0029945708845655,yfinance
2025-08-27,^DJI,Dow Jones Industrial Average,index,45565.23046875,0.0032401234847156,yfinance
2025-08-28,^DJI,Dow Jones Industrial Average,index,45636.8984375,0.0015728652749633,yfinance
2025-08-29,^DJI,Dow Jones Industrial Average,index,45544.87890625,-0.0020163406015862,yfinance
2025-09-02,^DJI,Dow Jones Industrial Average,index,45295.80859375,-0.0054686787731434,yfinance
2025-09-03,^DJI,Dow Jones Industrial Average,index,45271.23046875,-0.000542613671398,yfinance
2025-09-04,^DJI,Dow Jones Industrial Average,index,45621.2890625,0.0077324735847779,yfinance
2025-09-05,^DJI,Dow Jones Industrial Average,index,45400.859375,-0.0048317286080631,yfinance
2025-09-08,^DJI,Dow Jones Industrial Average,index,45514.94921875,0.0025129445856442,yfinance
2025-09-09,^DJI,Dow Jones Industrial Average,index,45711.33984375,0.0043148598069642,yfinance
2025-09-10,^DJI,Dow Jones Industrial Average,index,45490.921875,-0.0048219537975353,yfinance
2025-09-11,^DJI,Dow Jones Industrial Average,index,46108.0,0.0135648630444467,yfinance
2025-09-12,^DJI,Dow Jones Industrial Average,index,45834.21875,-0.0059378253231543,yfinance
2025-09-15,^DJI,Dow Jones Industrial Average,index,45883.44921875,0.0010740985685504,yfinance
2025-09-16,^DJI,Dow Jones Industrial Average,index,45757.8984375,-0.0027362978020992,yfinance
2025-09-17,^DJI,Dow Jones Industrial Average,index,46018.3203125,0.0056912988553377,yfinance
2025-09-18,^DJI,Dow Jones Industrial Average,index,46142.421875,0.0026967860116853,yfinance
2025-09-19,^DJI,Dow Jones Industrial Average,index,46315.26953125,0.0037459597746785,yfinance
2025-09-22,^DJI,Dow Jones Industrial Average,index,46381.5390625,0.0014308354873178,yfinance
2025-09-23,^DJI,Dow Jones Industrial Average,index,46292.78125,-0.0019136452626205,yfinance
2025-09-24,^DJI,Dow Jones Industrial Average,index,46121.28125,-0.003704681277926,yfinance
2025-09-25,^DJI,Dow Jones Industrial Average,index,45947.3203125,-0.003771814936299,yfinance
2025-09-26,^DJI,Dow Jones Industrial Average,index,46247.2890625,0.0065285363316038,yfinance
2025-09-29,^DJI,Dow Jones Industrial Average,index,46316.0703125,0.0014872493370809,yfinance
2025-09-30,^DJI,Dow Jones Industrial Average,index,46397.890625,0.0017665642172997,yfinance
2025-10-01,^DJI,Dow Jones Industrial Average,index,46441.1015625,0.0009313125428318,yfinance
2025-10-02,^DJI,Dow Jones Industrial Average,index,46519.71875,0.0016928364068669,yfinance
2025-10-03,^DJI,Dow Jones Industrial Average,index,46758.28125,0.0051282016832916,yfinance
2025-10-06,^DJI,Dow Jones Industrial Average,index,46694.96875,-0.0013540382218389,yfinance
2025-10-07,^DJI,Dow Jones Industrial Average,index,46602.98046875,-0.0019699827136087,yfinance
2025-10-08,^DJI,Dow Jones Industrial Average,index,46601.78125,-2.5732662116029204e-05,yfinance
2025-10-09,^DJI,Dow Jones Industrial Average,index,46358.421875,-0.0052221045735242,yfinance
2025-10-10,^DJI,Dow Jones Industrial Average,index,45479.6015625,-0.0189570800073746,yfinance
2025-10-13,^DJI,Dow Jones Industrial Average,index,46067.578125,0.0129283578197574,yfinance
2025-10-14,^DJI,Dow Jones Industrial Average,index,46270.4609375,0.004404026014771,yfinance
2025-10-15,^DJI,Dow Jones Industrial Average,index,46253.30859375,-0.0003706974904176,yfinance
2025-10-16,^DJI,Dow Jones Industrial Average,index,45952.23828125,-0.0065091627313484,yfinance
2025-10-17,^DJI,Dow Jones Industrial Average,index,46190.609375,0.0051873663322132,yfinance
2025-10-20,^DJI,Dow Jones Industrial Average,index,46706.578125,0.0111704252656874,yfinance
2025-10-21,^DJI,Dow Jones Industrial Average,index,46924.73828125,0.0046708657539873,yfinance
2025-10-22,^DJI,Dow Jones Industrial Average,index,46590.41015625,-0.0071247733550724,yfinance
2025-10-23,^DJI,Dow Jones Industrial Average,index,46734.609375,0.0030950407662519,yfinance
2025-10-24,^DJI,Dow Jones Industrial Average,index,47207.12109375,0.0101105310404661,yfinance
2025-10-27,^DJI,Dow Jones Industrial Average,index,47544.58984375,0.0071486831262133,yfinance
2025-10-28,^DJI,Dow Jones Industrial Average,index,47706.37109375,0.003402726798815,yfinance
2025-10-29,^DJI,Dow Jones Industrial Average,index,47632.0,-0.001558934206164,yfinance
2025-10-30,^DJI,Dow Jones Industrial Average,index,47522.12109375,-0.0023068295736059,yfinance
2025-10-31,^DJI,Dow Jones Industrial Average,index,47562.87109375,0.0008574953950311,yfinance
2025-11-03,^DJI,Dow Jones Industrial Average,index,47336.6796875,-0.0047556297811408,yfinance
2025-11-04,^DJI,Dow Jones Industrial Average,index,47085.23828125,-0.0053117668562714,yfinance
2025-11-05,^DJI,Dow Jones Industrial Average,index,47311.0,0.0047947451683578,yfinance
2025-11-06,^DJI,Dow Jones Industrial Average,index,46912.30078125,-0.0084271991450191,yfinance
2025-11-07,^DJI,Dow Jones Industrial Average,index,46987.1015625,0.0015944811915917,yfinance
2025-11-10,^DJI,Dow Jones Industrial Average,index,47368.62890625,0.0081198314231514,yfinance
2025-11-11,^DJI,Dow Jones Industrial Average,index,47927.9609375,0.01180806884567,yfinance
2025-11-12,^DJI,Dow Jones Industrial Average,index,48254.8203125,0.0068198055708281,yfinance
2025-11-13,^DJI,Dow Jones Industrial Average,index,47457.21875,-0.0165289510422939,yfinance
2025-11-14,^DJI,Dow Jones Industrial Average,index,47147.48046875,-0.0065266842307315,yfinance
2025-11-17,^DJI,Dow Jones Industrial Average,index,46590.23828125,-0.0118191297172146,yfinance
2025-11-18,^DJI,Dow Jones Industrial Average,index,46091.73828125,-0.0106996662474813,yfinance
2025-11-19,^DJI,Dow Jones Industrial Average,index,46138.76953125,0.0010203835167381,yfinance
2025-11-20,^DJI,Dow Jones Industrial Average,index,45752.26171875,-0.0083770723932768,yfinance
2025-11-21,^DJI,Dow Jones Industrial Average,index,46245.41015625,0.0107786679603185,yfinance
2025-11-24,^DJI,Dow Jones Industrial Average,index,46448.26953125,0.0043865839726493,yfinance
2025-11-25,^DJI,Dow Jones Industrial Average,index,47112.44921875,0.0142993419174237,yfinance
2025-11-26,^DJI,Dow Jones Industrial Average,index,47427.12109375,0.0066791661273846,yfinance
2025-11-28,^DJI,Dow Jones Industrial Average,index,47716.421875,0.0060999017983429,yfinance
2025-12-01,^DJI,Dow Jones Industrial Average,index,47289.328125,-0.0089506658969281,yfinance
2025-12-02,^DJI,Dow Jones Industrial Average,index,47474.4609375,0.0039148962322035,yfinance
2025-12-03,^DJI,Dow Jones Industrial Average,index,47882.8984375,0.0086033099046181,yfinance
2025-12-04,^DJI,Dow Jones Industrial Average,index,47850.94140625,-0.0006673996832441,yfinance
2025-12-05,^DJI,Dow Jones Industrial Average,index,47954.98828125,0.0021743955697057,yfinance
2025-12-08,^DJI,Dow Jones Industrial Average,index,47739.3203125,-0.0044972999990143,yfinance
2025-12-09,^DJI,Dow Jones Industrial Average,index,47560.2890625,-0.0037501843098742,yfinance
2025-12-10,^DJI,Dow Jones Industrial Average,index,48057.75,0.0104595860812846,yfinance
2025-12-11,^DJI,Dow Jones Industrial Average,index,48704.01171875,0.0134476066555342,yfinance
2025-12-12,^DJI,Dow Jones Industrial Average,index,48458.05078125,-0.0050501165883489,yfinance
2025-12-15,^DJI,Dow Jones Industrial Average,index,48416.55859375,-0.0008562496186094,yfinance
2025-12-16,^DJI,Dow Jones Industrial Average,index,48114.26171875,-0.0062436671209221,yfinance
2025-12-17,^DJI,Dow Jones Industrial Average,index,47885.96875,-0.0047448087239595,yfinance
2025-12-18,^DJI,Dow Jones Industrial Average,index,47951.8515625,0.0013758270787829,yfinance
2025-12-19,^DJI,Dow Jones Industrial Average,index,48134.890625,0.0038171427491475,yfinance
2025-12-22,^DJI,Dow Jones Industrial Average,index,48362.6796875,0.004732306639577,yfinance
2025-12-23,^DJI,Dow Jones Industrial Average,index,48442.41015625,0.0016485949344657,yfinance
2025-12-24,^DJI,Dow Jones Industrial Average,index,48731.16015625,0.005960686082064,yfinance
2025-12-26,^DJI,Dow Jones Industrial Average,index,48710.96875,-0.0004143428185428,yfinance
2025-12-29,^DJI,Dow Jones Industrial Average,index,48461.9296875,-0.0051125869365922,yfinance
2025-12-30,^DJI,Dow Jones Industrial Average,index,48367.05859375,-0.0019576416862011,yfinance
2025-12-31,^DJI,Dow Jones Industrial Average,index,48063.2890625,-0.0062805045434218,yfinance
2026-01-02,^DJI,Dow Jones Industrial Average,index,48382.390625,0.0066391952927951,yfinance
2026-01-05,^DJI,Dow Jones Industrial Average,index,48977.1796875,0.0122935029628872,yfinance
2026-01-06,^DJI,Dow Jones Industrial Average,index,49462.078125,0.0099004973457823,yfinance
2026-01-07,^DJI,Dow Jones Industrial Average,index,48996.078125,-0.0094213591030755,yfinance
2026-01-08,^DJI,Dow Jones Industrial Average,index,49266.109375,0.0055112829502617,yfinance
2026-01-09,^DJI,Dow Jones Industrial Average,index,49504.0703125,0.0048301142614837,yfinance
2026-01-12,^DJI,Dow Jones Industrial Average,index,49590.19921875,0.0017398348399697,yfinance
2026-01-13,^DJI,Dow Jones Industrial Average,index,49191.98828125,-0.0080300330261515,yfinance
2026-01-14,^DJI,Dow Jones Industrial Average,index,49149.62890625,-0.0008611031283756,yfinance
2026-01-15,^DJI,Dow Jones Industrial Average,index,49442.44140625,0.0059575729566243,yfinance
2026-01-16,^DJI,Dow Jones Industrial Average,index,49359.328125,-0.0016810108660915,yfinance
2026-01-20,^DJI,Dow Jones Industrial Average,index,48488.58984375,-0.0176408049770228,yfinance
2026-01-21,^DJI,Dow Jones Industrial Average,index,49077.23046875,0.012139776118399,yfinance
2026-01-22,^DJI,Dow Jones Industrial Average,index,49384.01171875,0.0062509894521318,yfinance
2026-01-23,^DJI,Dow Jones Industrial Average,index,49098.7109375,-0.005777189242438,yfinance
2026-01-26,^DJI,Dow Jones Industrial Average,index,49412.3984375,0.0063889151875964,yfinance
2026-01-27,^DJI,Dow Jones Industrial Average,index,49003.41015625,-0.0082770376298838,yfinance
2026-01-28,^DJI,Dow Jones Industrial Average,index,49015.6015625,0.0002487868948533,yfinance
2026-01-29,^DJI,Dow Jones Industrial Average,index,49071.55859375,0.0011416167396955,yfinance
2026-01-30,^DJI,Dow Jones Industrial Average,index,48892.46875,-0.0036495650205985,yfinance
2026-02-02,^DJI,Dow Jones Industrial Average,index,49407.66015625,0.010537234453926,yfinance
2026-02-03,^DJI,Dow Jones Industrial Average,index,49240.98828125,-0.0033734015023765,yfinance
2026-02-04,^DJI,Dow Jones Industrial Average,index,49501.30078125,0.0052865003137867,yfinance
2026-02-05,^DJI,Dow Jones Industrial Average,index,48908.71875,-0.0119710395867911,yfinance
2026-02-06,^DJI,Dow Jones Industrial Average,index,50115.671875,0.0246776680282592,yfinance
2026-02-09,^DJI,Dow Jones Industrial Average,index,50135.87109375,0.0004030519395286,yfinance
2026-02-10,^DJI,Dow Jones Industrial Average,index,50188.140625,0.0010425575562906,yfinance
2026-02-11,^DJI,Dow Jones Industrial Average,index,50121.3984375,-0.0013298398121318,yfinance
2026-02-12,^DJI,Dow Jones Industrial Average,index,49451.98046875,-0.0133559315904712,yfinance
2026-02-13,^DJI,Dow Jones Industrial Average,index,49500.9296875,0.0009898333350053,yfinance
2026-02-17,^DJI,Dow Jones Industrial Average,index,49533.19140625,0.0006517396532483,yfinance
2026-02-18,^DJI,Dow Jones Industrial Average,index,49662.66015625,0.0026137776776415,yfinance
2026-02-19,^DJI,Dow Jones Industrial Average,index,49395.16015625,-0.0053863405455604,yfinance
2026-02-20,^DJI,Dow Jones Industrial Average,index,49625.96875,0.0046726965358527,yfinance
2026-02-23,^DJI,Dow Jones Industrial Average,index,48804.05859375,-0.0165620979691202,yfinance
2026-02-24,^DJI,Dow Jones Industrial Average,index,49174.5,0.0075903811470596,yfinance
2026-02-25,^DJI,Dow Jones Industrial Average,index,49482.1484375,0.0062562595959287,yfinance
2026-02-26,^DJI,Dow Jones Industrial Average,index,49499.19921875,0.0003445844974079,yfinance
2026-02-27,^DJI,Dow Jones Industrial Average,index,48977.921875,-0.0105310257938989,yfinance
2026-03-02,^DJI,Dow Jones Industrial Average,index,48904.78125,-0.0014933386758766,yfinance
2026-03-03,^DJI,Dow Jones Industrial Average,index,48501.26953125,-0.0082509666424487,yfinance
2026-03-04,^DJI,Dow Jones Industrial Average,index,48739.41015625,0.0049099874560307,yfinance
2026-03-05,^DJI,Dow Jones Industrial Average,index,47954.73828125,-0.0160993305516927,yfinance
2026-03-06,^DJI,Dow Jones Industrial Average,index,47501.55078125,-0.0094503174502194,yfinance
2026-03-09,^DJI,Dow Jones Industrial Average,index,47740.80078125,0.005036677667678,yfinance
2026-03-10,^DJI,Dow Jones Industrial Average,index,47706.51171875,-0.0007182339202291,yfinance
2026-03-11,^DJI,Dow Jones Industrial Average,index,47417.26953125,-0.0060629498380683,yfinance
2026-03-12,^DJI,Dow Jones Industrial Average,index,46677.8515625,-0.0155938538017819,yfinance
2026-03-13,^DJI,Dow Jones Industrial Average,index,46558.46875,-0.0025575901311599,yfinance
2026-03-16,^DJI,Dow Jones Industrial Average,index,46946.41015625,0.0083323489080597,yfinance
2026-03-17,^DJI,Dow Jones Industrial Average,index,46993.26171875,0.0009979796611512,yfinance
2026-03-18,^DJI,Dow Jones Industrial Average,index,46225.1484375,-0.0163451791417902,yfinance
2026-03-19,^DJI,Dow Jones Industrial Average,index,46021.4296875,-0.0044070978003551,yfinance
2026-03-20,^DJI,Dow Jones Industrial Average,index,45577.46875,-0.0096468306290055,yfinance
2026-03-23,^DJI,Dow Jones Industrial Average,index,46208.46875,0.0138445599833798,yfinance
2026-03-24,^DJI,Dow Jones Industrial Average,index,46124.05859375,-0.0018267248089669,yfinance
2026-03-25,^DJI,Dow Jones Industrial Average,index,46429.48828125,0.0066219169954264,yfinance
2026-03-26,^DJI,Dow Jones Industrial Average,index,45960.109375,-0.0101094998809098,yfinance
2026-03-27,^DJI,Dow Jones Industrial Average,index,45166.640625,-0.017264292030419,yfinance
2026-03-30,^DJI,Dow Jones Industrial Average,index,45216.140625,0.0010959415912947,yfinance
2026-03-31,^DJI,Dow Jones Industrial Average,index,46341.51171875,0.0248887029762947,yfinance
2026-04-01,^DJI,Dow Jones Industrial Average,index,46565.73828125,0.0048385681472984,yfinance
2026-04-02,^DJI,Dow Jones Industrial Average,index,46504.671875,-0.0013114020845362,yfinance
2026-04-06,^DJI,Dow Jones Industrial Average,index,46669.87890625,0.0035524824622794,yfinance
2026-04-07,^DJI,Dow Jones Industrial Average,index,46584.4609375,-0.0018302590611298,yfinance
2026-04-08,^DJI,Dow Jones Industrial Average,index,47909.921875,0.0284528555407843,yfinance
2026-04-09,^DJI,Dow Jones Industrial Average,index,48185.80078125,0.0057582833670608,yfinance
2026-04-10,^DJI,Dow Jones Industrial Average,index,47916.5703125,-0.0055873403447673,yfinance
2026-04-13,^DJI,Dow Jones Industrial Average,index,48218.25,0.0062959365733508,yfinance
2026-04-14,^DJI,Dow Jones Industrial Average,index,48535.98828125,0.0065895855044511,yfinance
2026-04-15,^DJI,Dow Jones Industrial Average,index,48463.71875,-0.0014889885589889,yfinance
2026-04-16,^DJI,Dow Jones Industrial Average,index,48578.71875,0.0023729091156463,yfinance
2026-04-17,^DJI,Dow Jones Industrial Average,index,49447.4296875,0.0178825411590337,yfinance
2026-04-20,^DJI,Dow Jones Industrial Average,index,49442.55859375,-9.851055516507667e-05,yfinance
2026-04-21,^DJI,Dow Jones Industrial Average,index,49149.37890625,-0.0059297029894618,yfinance
2026-04-22,^DJI,Dow Jones Industrial Average,index,49490.03125,0.0069309592782398,yfinance
2026-04-23,^DJI,Dow Jones Industrial Average,index,49310.3203125,-0.003631255284366,yfinance
2026-04-24,^DJI,Dow Jones Industrial Average,index,49230.7109375,-0.0016144566592851,yfinance
2026-04-27,^DJI,Dow Jones Industrial Average,index,49167.7890625,-0.0012781020993152,yfinance
2026-04-28,^DJI,Dow Jones Industrial Average,index,49141.9296875,-0.0005259413834355,yfinance
2026-04-29,^DJI,Dow Jones Industrial Average,index,48861.80859375,-0.0057002461142923,yfinance
2026-04-30,^DJI,Dow Jones Industrial Average,index,49652.140625,0.0161748419470313,yfinance
2026-05-01,^DJI,Dow Jones Industrial Average,index,49499.26953125,-0.0030788419557691,yfinance
2026-05-04,^DJI,Dow Jones Industrial Average,index,48941.8984375,-0.0112601882619322,yfinance
2026-05-05,^DJI,Dow Jones Industrial Average,index,49298.25,0.0072811144209101,yfinance
2026-05-06,^DJI,Dow Jones Industrial Average,index,49910.58984375,0.0124211273980314,yfinance
2026-05-07,^DJI,Dow Jones Industrial Average,index,49596.96875,-0.0062836583324665,yfinance
2026-05-08,^DJI,Dow Jones Industrial Average,index,49609.16015625,0.0002458095032269,yfinance
2026-05-11,^DJI,Dow Jones Industrial Average,index,49704.46875,0.0019211894224737,yfinance
2026-05-12,^DJI,Dow Jones Industrial Average,index,49760.55859375,0.001128466819193,yfinance
2026-05-13,^DJI,Dow Jones Industrial Average,index,49693.19921875,-0.0013536699929341,yfinance
2026-05-14,^DJI,Dow Jones Industrial Average,index,50063.4609375,0.007450953542357,yfinance
2026-05-15,^DJI,Dow Jones Industrial Average,index,49526.171875,-0.0107321597915645,yfinance
2026-05-18,^DJI,Dow Jones Industrial Average,index,49686.12109375,0.0032295897844416,yfinance
2026-05-19,^DJI,Dow Jones Industrial Average,index,49363.87890625,-0.0064855573429042,yfinance
2026-05-20,^DJI,Dow Jones Industrial Average,index,50009.3515625,0.0130758090845304,yfinance
2026-05-21,^DJI,Dow Jones Industrial Average,index,50285.66015625,0.0055251385014396,yfinance
2026-05-22,^DJI,Dow Jones Industrial Average,index,50579.69921875,0.0058473740145073,yfinance
2026-05-26,^DJI,Dow Jones Industrial Average,index,50461.6796875,-0.0023333379413662,yfinance
2026-05-27,^DJI,Dow Jones Industrial Average,index,50644.28125,0.0036186183977786,yfinance
2026-05-28,^DJI,Dow Jones Industrial Average,index,50668.96875,0.0004874686616269,yfinance
2026-05-29,^DJI,Dow Jones Industrial Average,index,51032.4609375,0.0071738619606305,yfinance
2026-06-01,^DJI,Dow Jones Industrial Average,index,51078.87890625,0.0009095773140717,yfinance
2026-06-02,^DJI,Dow Jones Industrial Average,index,51307.7890625,0.0044815031408607,yfinance
2026-06-03,^DJI,Dow Jones Industrial Average,index,50687.0703125,-0.0120979438276687,yfinance
2026-06-04,^DJI,Dow Jones Industrial Average,index,51561.9296875,0.0172600106813483,yfinance
2026-06-05,^DJI,Dow Jones Industrial Average,index,50866.78125,-0.0134818157837199,yfinance
2026-06-08,^DJI,Dow Jones Industrial Average,index,50786.01171875,-0.0015878640099721,yfinance
2026-06-09,^DJI,Dow Jones Industrial Average,index,50872.109375,0.0016953025712436,yfinance
2026-06-10,^DJI,Dow Jones Industrial Average,index,49918.78125,-0.0187397011193818,yfinance
2026-06-11,^DJI,Dow Jones Industrial Average,index,50848.75,0.0186296365158153,yfinance
2025-01-02,^GSPC,S&P 500,index,5868.54980469,,yfinance
2025-01-03,^GSPC,S&P 500,index,5942.47021484,0.0125960267214919,yfinance
2025-01-06,^GSPC,S&P 500,index,5975.37988281,0.0055380450854503,yfinance
2025-01-07,^GSPC,S&P 500,index,5909.02978516,-0.0111039128821078,yfinance
2025-01-08,^GSPC,S&P 500,index,5918.25,0.0015603601909253,yfinance
2025-01-10,^GSPC,S&P 500,index,5827.04003906,-0.0154116438030668,yfinance
2025-01-13,^GSPC,S&P 500,index,5836.22021484,0.0015754440882007,yfinance
2025-01-14,^GSPC,S&P 500,index,5842.91015625,0.001146279811244,yfinance
2025-01-15,^GSPC,S&P 500,index,5949.91015625,0.0183127922796391,yfinance
2025-01-16,^GSPC,S&P 500,index,5937.33984375,-0.0021126894641922,yfinance
2025-01-17,^GSPC,S&P 500,index,5996.66015625,0.0099910589693537,yfinance
2025-01-21,^GSPC,S&P 500,index,6049.24023438,0.0087682271055828,yfinance
2025-01-22,^GSPC,S&P 500,index,6086.37011719,0.0061379415222275,yfinance
2025-01-23,^GSPC,S&P 500,index,6118.70996094,0.0053134862204113,yfinance
2025-01-24,^GSPC,S&P 500,index,6101.24023438,-0.0028551323193988,yfinance
2025-01-27,^GSPC,S&P 500,index,6012.27978516,-0.0145807156908095,yfinance
2025-01-28,^GSPC,S&P 500,index,6067.70019531,0.0092178694499676,yfinance
2025-01-29,^GSPC,S&P 500,index,6039.31005859,-0.0046788957603215,yfinance
2025-01-30,^GSPC,S&P 500,index,6071.16992188,0.0052754144053117,yfinance
2025-01-31,^GSPC,S&P 500,index,6040.52978516,-0.0050468257540199,yfinance
2025-02-03,^GSPC,S&P 500,index,5994.56982422,-0.0076085976846667,yfinance
2025-02-04,^GSPC,S&P 500,index,6037.87988281,0.0072248818286797,yfinance
2025-02-05,^GSPC,S&P 500,index,6061.47998047,0.0039086729306143,yfinance
2025-02-06,^GSPC,S&P 500,index,6083.56982422,0.0036442987226186,yfinance
2025-02-07,^GSPC,S&P 500,index,6025.99023438,-0.0094647701115428,yfinance
2025-02-10,^GSPC,S&P 500,index,6066.43994141,0.0067125410858628,yfinance
2025-02-11,^GSPC,S&P 500,index,6068.5,0.0003395827888592,yfinance
2025-02-12,^GSPC,S&P 500,index,6051.97021484,-0.0027238667143857,yfinance
2025-02-13,^GSPC,S&P 500,index,6115.06982422,0.0104262921222306,yfinance
2025-02-14,^GSPC,S&P 500,index,6114.62988281,-7.194380749464546e-05,yfinance
2025-02-18,^GSPC,S&P 500,index,6129.58007813,0.0024449877750611,yfinance
2025-02-19,^GSPC,S&P 500,index,6144.14990234,0.0023769693899173,yfinance
2025-02-20,^GSPC,S&P 500,index,6117.52001953,-0.0043341850761716,yfinance
2025-02-21,^GSPC,S&P 500,index,6013.12988281,-0.0170641267025635,yfinance
2025-02-24,^GSPC,S&P 500,index,5983.25,-0.0049691065044024,yfinance
2025-02-25,^GSPC,S&P 500,index,5955.25,-0.0046797309154723,yfinance
2025-02-26,^GSPC,S&P 500,index,5956.06005859,0.0001360242800469,yfinance
2025-02-27,^GSPC,S&P 500,index,5861.56982422,-0.0158645536555098,yfinance
2025-02-28,^GSPC,S&P 500,index,5954.5,0.0158541446349889,yfinance
2025-03-03,^GSPC,S&P 500,index,5849.72021484,-0.0175967394669998,yfinance
2025-03-04,^GSPC,S&P 500,index,5778.14990234,-0.0122348266022004,yfinance
2025-03-05,^GSPC,S&P 500,index,5842.62988281,0.0111592778931879,yfinance
2025-03-06,^GSPC,S&P 500,index,5738.52001953,-0.0178190070857499,yfinance
2025-03-07,^GSPC,S&P 500,index,5770.20019531,0.005520617802748,yfinance
2025-03-10,^GSPC,S&P 500,index,5614.56005859,-0.0269730913054258,yfinance
2025-03-11,^GSPC,S&P 500,index,5572.06982422,-0.0075678653236531,yfinance
2025-03-12,^GSPC,S&P 500,index,5599.29980469,0.0048868699294464,yfinance
2025-03-13,^GSPC,S&P 500,index,5521.52001953,-0.0138909842068353,yfinance
2025-03-14,^GSPC,S&P 500,index,5638.93994141,0.0212658690830878,yfinance
2025-03-17,^GSPC,S&P 500,index,5675.12011719,0.0064161307191059,yfinance
2025-03-18,^GSPC,S&P 500,index,5614.66015625,-0.0106535121176365,yfinance
2025-03-19,^GSPC,S&P 500,index,5675.29003906,0.0107984955678945,yfinance
2025-03-20,^GSPC,S&P 500,index,5662.89013672,-0.0021848931523151,yfinance
2025-03-21,^GSPC,S&P 500,index,5667.56005859,0.0008246534476661,yfinance
2025-03-24,^GSPC,S&P 500,index,5767.56982422,0.0176460001466336,yfinance
2025-03-25,^GSPC,S&P 500,index,5776.64990234,0.0015743334544251,yfinance
2025-03-26,^GSPC,S&P 500,index,5712.20019531,-0.0111569349226271,yfinance
2025-03-27,^GSPC,S&P 500,index,5693.31005859,-0.0033069808607638,yfinance
2025-03-28,^GSPC,S&P 500,index,5580.93994141,-0.019737220708344,yfinance
2025-03-31,^GSPC,S&P 500,index,5611.85009766,0.0055385215706533,yfinance
2025-04-01,^GSPC,S&P 500,index,5633.06982422,0.0037812354559083,yfinance
2025-04-02,^GSPC,S&P 500,index,5670.97021484,0.0067281947157926,yfinance
2025-04-03,^GSPC,S&P 500,index,5396.52001953,-0.0483956333599014,yfinance
2025-04-04,^GSPC,S&P 500,index,5074.08007813,-0.059749605345531,yfinance
2025-04-07,^GSPC,S&P 500,index,5062.25,-0.0023314724921273,yfinance
2025-04-08,^GSPC,S&P 500,index,4982.77001953,-0.0157005245629413,yfinance
2025-04-09,^GSPC,S&P 500,index,5456.89990234,0.0951538764490484,yfinance
2025-04-10,^GSPC,S&P 500,index,5268.04980469,-0.0346075795847269,yfinance
2025-04-11,^GSPC,S&P 500,index,5363.35986328,0.0180920952017089,yfinance
2025-04-14,^GSPC,S&P 500,index,5405.97021484,0.0079447123908689,yfinance
2025-04-15,^GSPC,S&P 500,index,5396.62988281,-0.0017277808903947,yfinance
2025-04-16,^GSPC,S&P 500,index,5275.70019531,-0.0224083715440897,yfinance
2025-04-17,^GSPC,S&P 500,index,5282.70019531,0.0013268380955802,yfinance
2025-04-21,^GSPC,S&P 500,index,5158.20019531,-0.0235674930238275,yfinance
2025-04-22,^GSPC,S&P 500,index,5287.75976563,0.0251172047238952,yfinance
2025-04-23,^GSPC,S&P 500,index,5375.85986328,0.01666113847096,yfinance
2025-04-24,^GSPC,S&P 500,index,5484.77001953,0.0202591137082812,yfinance
2025-04-25,^GSPC,S&P 500,index,5525.20996094,0.0073731334699984,yfinance
2025-04-28,^GSPC,S&P 500,index,5528.75,0.0006407067039131,yfinance
2025-04-29,^GSPC,S&P 500,index,5560.83007813,0.005802410694099,yfinance
2025-04-30,^GSPC,S&P 500,index,5569.06005859,0.0014799913597656,yfinance
2025-05-01,^GSPC,S&P 500,index,5604.14013672,0.0062991021385856,yfinance
2025-05-02,^GSPC,S&P 500,index,5686.66992188,0.0147265741296347,yfinance
2025-05-05,^GSPC,S&P 500,index,5650.37988281,-0.0063815975889338,yfinance
2025-05-06,^GSPC,S&P 500,index,5606.91015625,-0.0076932396518555,yfinance
2025-05-07,^GSPC,S&P 500,index,5631.27978516,0.0043463562331358,yfinance
2025-05-08,^GSPC,S&P 500,index,5663.93994141,0.0057997750948355,yfinance
2025-05-09,^GSPC,S&P 500,index,5659.91015625,-0.0007114809122162,yfinance
2025-05-12,^GSPC,S&P 500,index,5844.18994141,0.0325587827490083,yfinance
2025-05-13,^GSPC,S&P 500,index,5886.54980469,0.0072482009835321,yfinance
2025-05-14,^GSPC,S&P 500,index,5892.58007813,0.0010244155978598,yfinance
2025-05-15,^GSPC,S&P 500,index,5916.93017578,0.0041323320741357,yfinance
2025-05-16,^GSPC,S&P 500,index,5958.37988281,0.0070052722948985,yfinance
2025-05-19,^GSPC,S&P 500,index,5963.60009766,0.0008761131291423,yfinance
2025-05-20,^GSPC,S&P 500,index,5940.45996094,-0.0038802294486252,yfinance
2025-05-21,^GSPC,S&P 500,index,5844.60986328,-0.0161351306610142,yfinance
2025-05-22,^GSPC,S&P 500,index,5842.00976563,-0.0004448710379429,yfinance
2025-05-23,^GSPC,S&P 500,index,5802.81982422,-0.0067082978253216,yfinance
2025-05-27,^GSPC,S&P 500,index,5921.54003906,0.0204590558452733,yfinance
2025-05-28,^GSPC,S&P 500,index,5888.54980469,-0.0055712254172688,yfinance
2025-05-29,^GSPC,S&P 500,index,5912.16992188,0.0040111942619043,yfinance
2025-05-30,^GSPC,S&P 500,index,5911.68994141,-8.118516130162234e-05,yfinance
2025-06-02,^GSPC,S&P 500,index,5935.93994141,0.0041020419271569,yfinance
2025-06-03,^GSPC,S&P 500,index,5970.37011719,0.0058002904546055,yfinance
2025-06-04,^GSPC,S&P 500,index,5970.81005859,7.36874595066439e-05,yfinance
2025-06-05,^GSPC,S&P 500,index,5939.29980469,-0.0052773834030941,yfinance
2025-06-06,^GSPC,S&P 500,index,6000.35986328,0.0102806830100679,yfinance
2025-06-09,^GSPC,S&P 500,index,6005.87988281,0.0009199480792858,yfinance
2025-06-10,^GSPC,S&P 500,index,6038.81005859,0.0054829894076784,yfinance
2025-06-11,^GSPC,S&P 500,index,6022.24023438,-0.0027438889546078,yfinance
2025-06-12,^GSPC,S&P 500,index,6045.25976563,0.0038224199557175,yfinance
2025-06-13,^GSPC,S&P 500,index,5976.97021484,-0.0112963798792506,yfinance
2025-06-16,^GSPC,S&P 500,index,6033.10986328,0.0093926598961591,yfinance
2025-06-17,^GSPC,S&P 500,index,5982.72021484,-0.0083521847901663,yfinance
2025-06-18,^GSPC,S&P 500,index,5980.87011719,-0.000309240210107,yfinance
2025-06-20,^GSPC,S&P 500,index,5967.83984375,-0.0021786584865058,yfinance
2025-06-23,^GSPC,S&P 500,index,6025.16992188,0.0096065041331563,yfinance
2025-06-24,^GSPC,S&P 500,index,6092.18017578,0.0111217201797018,yfinance
2025-06-25,^GSPC,S&P 500,index,6092.16015625,-3.2861029504172024e-06,yfinance
2025-06-26,^GSPC,S&P 500,index,6141.02001953,0.0080201212752302,yfinance
2025-06-27,^GSPC,S&P 500,index,6173.06982422,0.0052189708852221,yfinance
2025-06-30,^GSPC,S&P 500,index,6204.95019531,0.0051644274245326,yfinance
2025-07-01,^GSPC,S&P 500,index,6198.00976563,-0.0011185310871218,yfinance
2025-07-02,^GSPC,S&P 500,index,6227.41992188,0.004745096791088,yfinance
2025-07-03,^GSPC,S&P 500,index,6279.35009766,0.0083389552066073,yfinance
2025-07-07,^GSPC,S&P 500,index,6229.97998047,-0.0078622972791287,yfinance
2025-07-08,^GSPC,S&P 500,index,6225.52001953,-0.0007158868810946,yfinance
2025-07-09,^GSPC,S&P 500,index,6263.25976563,0.0060621034026635,yfinance
2025-07-10,^GSPC,S&P 500,index,6280.45996094,0.0027462050044453,yfinance
2025-07-11,^GSPC,S&P 500,index,6259.75,-0.0032975229626984,yfinance
2025-07-14,^GSPC,S&P 500,index,6268.56005859,0.0014074138094573,yfinance
2025-07-15,^GSPC,S&P 500,index,6243.75976563,-0.0039562982147312,yfinance
2025-07-16,^GSPC,S&P 500,index,6263.70019531,0.0031936574173276,yfinance
2025-07-17,^GSPC,S&P 500,index,6297.35986328,0.0053737674089093,yfinance
2025-07-18,^GSPC,S&P 500,index,6296.79003906,-9.048620868445932e-05,yfinance
2025-07-21,^GSPC,S&P 500,index,6305.60009766,0.0013991348828683,yfinance
2025-07-22,^GSPC,S&P 500,index,6309.62011719,0.0006375316336257,yfinance
2025-07-23,^GSPC,S&P 500,index,6358.91015625,0.0078118869515191,yfinance
2025-07-24,^GSPC,S&P 500,index,6363.35009766,0.0006982236416543,yfinance
2025-07-25,^GSPC,S&P 500,index,6388.64013672,0.0039743277792958,yfinance
2025-07-28,^GSPC,S&P 500,index,6389.77001953,0.0001768581088181,yfinance
2025-07-29,^GSPC,S&P 500,index,6370.85986328,-0.0029594423887242,yfinance
2025-07-30,^GSPC,S&P 500,index,6362.89990234,-0.0012494327466496,yfinance
2025-07-31,^GSPC,S&P 500,index,6339.39013672,-0.003694819341153,yfinance
2025-08-01,^GSPC,S&P 500,index,6238.00976563,-0.0159921331401484,yfinance
2025-08-04,^GSPC,S&P 500,index,6329.93994141,0.014737100330916,yfinance
2025-08-05,^GSPC,S&P 500,index,6299.18994141,-0.0048578659963033,yfinance
2025-08-06,^GSPC,S&P 500,index,6345.06005859,0.0072819072950924,yfinance
2025-08-07,^GSPC,S&P 500,index,6340.0,-0.0007974800154801,yfinance
2025-08-08,^GSPC,S&P 500,index,6389.45019531,0.0077997153489748,yfinance
2025-08-11,^GSPC,S&P 500,index,6373.45019531,-0.0025041278217863,yfinance
2025-08-12,^GSPC,S&P 500,index,6445.75976563,0.0113454358466127,yfinance
2025-08-13,^GSPC,S&P 500,index,6466.58007813,0.0032300788824048,yfinance
2025-08-14,^GSPC,S&P 500,index,6468.54003906,0.0003030908012924,yfinance
2025-08-15,^GSPC,S&P 500,index,6449.79980469,-0.0028971350972291,yfinance
2025-08-18,^GSPC,S&P 500,index,6449.14990234,-0.0001007631807854,yfinance
2025-08-19,^GSPC,S&P 500,index,6411.37011719,-0.0058581031187567,yfinance
2025-08-20,^GSPC,S&P 500,index,6395.77978516,-0.0024316693228262,yfinance
2025-08-21,^GSPC,S&P 500,index,6370.16992188,-0.0040041815293089,yfinance
2025-08-22,^GSPC,S&P 500,index,6466.91015625,0.0151864448768934,yfinance
2025-08-25,^GSPC,S&P 500,index,6439.31982422,-0.0042663855480634,yfinance
2025-08-26,^GSPC,S&P 500,index,6465.93994141,0.0041339951911349,yfinance
2025-08-27,^GSPC,S&P 500,index,6481.39990234,0.0023909843081744,yfinance
2025-08-28,^GSPC,S&P 500,index,6501.85986328,0.0031567194195349,yfinance
2025-08-29,^GSPC,S&P 500,index,6460.25976563,-0.0063981842935716,yfinance
2025-09-02,^GSPC,S&P 500,index,6415.54003906,-0.0069222799368615,yfinance
2025-09-03,^GSPC,S&P 500,index,6448.25976563,0.0051000736279842,yfinance
2025-09-04,^GSPC,S&P 500,index,6502.08007813,0.0083464864096993,yfinance
2025-09-05,^GSPC,S&P 500,index,6481.5,-0.0031651529783888,yfinance
2025-09-08,^GSPC,S&P 500,index,6495.14990234,0.0021059789159529,yfinance
2025-09-09,^GSPC,S&P 500,index,6512.60986328,0.0026881536531127,yfinance
2025-09-10,^GSPC,S&P 500,index,6532.04003906,0.0029834699435626,yfinance
2025-09-11,^GSPC,S&P 500,index,6587.47021484,0.0084858903879598,yfinance
2025-09-12,^GSPC,S&P 500,index,6584.29003906,-0.0004827613146674,yfinance
2025-09-15,^GSPC,S&P 500,index,6615.27978516,0.0047066192269626,yfinance
2025-09-16,^GSPC,S&P 500,index,6606.75976563,-0.0012879303382402,yfinance
2025-09-17,^GSPC,S&P 500,index,6600.35009766,-0.0009701681605103,yfinance
2025-09-18,^GSPC,S&P 500,index,6631.95996094,0.0047891191851283,yfinance
2025-09-19,^GSPC,S&P 500,index,6664.35986328,0.0048854188708296,yfinance
2025-09-22,^GSPC,S&P 500,index,6693.75,0.004410046474333,yfinance
2025-09-23,^GSPC,S&P 500,index,6656.91992188,-0.0055021591970121,yfinance
2025-09-24,^GSPC,S&P 500,index,6637.97021484,-0.0028466178433332,yfinance
2025-09-25,^GSPC,S&P 500,index,6604.72021484,-0.0050090613431266,yfinance
2025-09-26,^GSPC,S&P 500,index,6643.70019531,0.0059018367471712,yfinance
2025-09-29,^GSPC,S&P 500,index,6661.20996094,0.0026355442163621,yfinance
2025-09-30,^GSPC,S&P 500,index,6688.45996094,0.0040908483833717,yfinance
2025-10-01,^GSPC,S&P 500,index,6711.20019531,0.0033999208349619,yfinance
2025-10-02,^GSPC,S&P 500,index,6715.35009766,0.0006183547238911,yfinance
2025-10-03,^GSPC,S&P 500,index,6715.79003906,6.551280273581206e-05,yfinance
2025-10-06,^GSPC,S&P 500,index,6740.27978516,0.0036465919796933,yfinance
2025-10-07,^GSPC,S&P 500,index,6714.58984375,-0.0038114057910215,yfinance
2025-10-08,^GSPC,S&P 500,index,6753.72021484,0.005827663640568,yfinance
2025-10-09,^GSPC,S&P 500,index,6735.10986328,-0.0027555704071953,yfinance
2025-10-10,^GSPC,S&P 500,index,6552.50976563,-0.0271116732114136,yfinance
2025-10-13,^GSPC,S&P 500,index,6654.72021484,0.0155986717875575,yfinance
2025-10-14,^GSPC,S&P 500,index,6644.31005859,-0.0015643266604626,yfinance
2025-10-15,^GSPC,S&P 500,index,6671.06005859,0.0040260011595036,yfinance
2025-10-16,^GSPC,S&P 500,index,6629.06982422,-0.0062943870998294,yfinance
2025-10-17,^GSPC,S&P 500,index,6664.00976563,0.0052707155502571,yfinance
2025-10-20,^GSPC,S&P 500,index,6735.12988281,0.0106722708532569,yfinance
2025-10-21,^GSPC,S&P 500,index,6735.35009766,3.2696450934288634e-05,yfinance
2025-10-22,^GSPC,S&P 500,index,6699.39990234,-0.0053375392208654,yfinance
2025-10-23,^GSPC,S&P 500,index,6738.43994141,0.0058273934429324,yfinance
2025-10-24,^GSPC,S&P 500,index,6791.68994141,0.0079024225878738,yfinance
2025-10-27,^GSPC,S&P 500,index,6875.16015625,0.0122900508656711,yfinance
2025-10-28,^GSPC,S&P 500,index,6890.89013672,0.0022879438603986,yfinance
2025-10-29,^GSPC,S&P 500,index,6890.58984375,-4.3578255173426506e-05,yfinance
2025-10-30,^GSPC,S&P 500,index,6822.33984375,-0.0099048124395192,yfinance
2025-10-31,^GSPC,S&P 500,index,6840.20019531,0.0026179217059763,yfinance
2025-11-03,^GSPC,S&P 500,index,6851.97021484,0.0017207127269924,yfinance
2025-11-04,^GSPC,S&P 500,index,6771.54980469,-0.0117368300845838,yfinance
2025-11-05,^GSPC,S&P 500,index,6796.29003906,0.0036535556982648,yfinance
2025-11-06,^GSPC,S&P 500,index,6720.31982422,-0.011178189042419,yfinance
2025-11-07,^GSPC,S&P 500,index,6728.79980469,0.001261841800771,yfinance
2025-11-10,^GSPC,S&P 500,index,6832.43017578,0.0154010186217099,yfinance
2025-11-11,^GSPC,S&P 500,index,6846.60986328,0.0020753505173405,yfinance
2025-11-12,^GSPC,S&P 500,index,6850.91992188,0.0006295171887717,yfinance
2025-11-13,^GSPC,S&P 500,index,6737.49023438,-0.0165568549615969,yfinance
2025-11-14,^GSPC,S&P 500,index,6734.10986328,-0.0005017255648851,yfinance
2025-11-17,^GSPC,S&P 500,index,6672.41015625,-0.0091622661768078,yfinance
2025-11-18,^GSPC,S&P 500,index,6617.31982422,-0.0082564366909679,yfinance
2025-11-19,^GSPC,S&P 500,index,6642.16015625,0.0037538357962292,yfinance
2025-11-20,^GSPC,S&P 500,index,6538.75976563,-0.0155672835632704,yfinance
2025-11-21,^GSPC,S&P 500,index,6602.99023438,0.0098230354153194,yfinance
2025-11-24,^GSPC,S&P 500,index,6705.12011719,0.0154672170012934,yfinance
2025-11-25,^GSPC,S&P 500,index,6765.87988281,0.0090616968172205,yfinance
2025-11-26,^GSPC,S&P 500,index,6812.60986328,0.0069067115110126,yfinance
2025-11-28,^GSPC,S&P 500,index,6849.08984375,0.0053547731634202,yfinance
2025-12-01,^GSPC,S&P 500,index,6812.62988281,-0.0053233293429156,yfinance
2025-12-02,^GSPC,S&P 500,index,6829.37011719,0.0024572352619998,yfinance
2025-12-03,^GSPC,S&P 500,index,6849.72021484,0.0029797912994984,yfinance
2025-12-04,^GSPC,S&P 500,index,6857.12011719,0.0010803218396737,yfinance
2025-12-05,^GSPC,S&P 500,index,6870.39990234,0.001936641757662,yfinance
2025-12-08,^GSPC,S&P 500,index,6846.50976563,-0.003477255626794,yfinance
2025-12-09,^GSPC,S&P 500,index,6840.50976563,-0.0008763589340257,yfinance
2025-12-10,^GSPC,S&P 500,index,6886.68017578,0.0067495569392015,yfinance
2025-12-11,^GSPC,S&P 500,index,6901.0,0.0020793508415142,yfinance
2025-12-12,^GSPC,S&P 500,index,6827.41015625,-0.010663649289958,yfinance
2025-12-15,^GSPC,S&P 500,index,6816.50976563,-0.0015965630269072,yfinance
2025-12-16,^GSPC,S&P 500,index,6800.25976563,-0.0023839179519623,yfinance
2025-12-17,^GSPC,S&P 500,index,6721.43017578,-0.0115921439122413,yfinance
2025-12-18,^GSPC,S&P 500,index,6774.75976563,0.0079342622699418,yfinance
2025-12-19,^GSPC,S&P 500,index,6834.5,0.0088180594503322,yfinance
2025-12-22,^GSPC,S&P 500,index,6878.49023438,0.0064364963603775,yfinance
2025-12-23,^GSPC,S&P 500,index,6909.79003906,0.0045503887657032,yfinance
2025-12-24,^GSPC,S&P 500,index,6932.04980469,0.0032214822012188,yfinance
2025-12-26,^GSPC,S&P 500,index,6929.93994141,-0.0003043635491226,yfinance
2025-12-29,^GSPC,S&P 500,index,6905.74023438,-0.0034920514803681,yfinance
2025-12-30,^GSPC,S&P 500,index,6896.24023438,-0.0013756671519022,yfinance
2025-12-31,^GSPC,S&P 500,index,6845.5,-0.0073576663008461,yfinance
2026-01-02,^GSPC,S&P 500,index,6858.47021484,0.0018947067188299,yfinance
2026-01-05,^GSPC,S&P 500,index,6902.04980469,0.0063541268648263,yfinance
2026-01-06,^GSPC,S&P 500,index,6944.81982422,0.0061967126783413,yfinance
2026-01-07,^GSPC,S&P 500,index,6920.93017578,-0.0034399234310139,yfinance
2026-01-08,^GSPC,S&P 500,index,6921.45996094,7.65482590914246e-05,yfinance
2026-01-09,^GSPC,S&P 500,index,6966.27978516,0.0064754870318832,yfinance
2026-01-12,^GSPC,S&P 500,index,6977.27001953,0.0015776332151369,yfinance
2026-01-13,^GSPC,S&P 500,index,6963.74023438,-0.0019391230550597,yfinance
2026-01-14,^GSPC,S&P 500,index,6926.60009766,-0.0053333604454995,yfinance
2026-01-15,^GSPC,S&P 500,index,6944.47021484,0.0025799262171273,yfinance
2026-01-16,^GSPC,S&P 500,index,6940.00976563,-0.0006423023039563,yfinance
2026-01-20,^GSPC,S&P 500,index,6796.85986328,-0.0206267580562774,yfinance
2026-01-21,^GSPC,S&P 500,index,6875.62011719,0.0115877413232745,yfinance
2026-01-22,^GSPC,S&P 500,index,6913.35009766,0.0054875021926288,yfinance
2026-01-23,^GSPC,S&P 500,index,6915.60986328,0.0003268698377891,yfinance
2026-01-26,^GSPC,S&P 500,index,6950.22998047,0.0050060830312763,yfinance
2026-01-27,^GSPC,S&P 500,index,6978.60009766,0.0040818961771371,yfinance
2026-01-28,^GSPC,S&P 500,index,6978.02978516,-8.172305219089626e-05,yfinance
2026-01-29,^GSPC,S&P 500,index,6969.00976563,-0.0012926312740076,yfinance
2026-01-30,^GSPC,S&P 500,index,6939.02978516,-0.0043018996208942,yfinance
2026-02-02,^GSPC,S&P 500,index,6976.43994141,0.0053912661291679,yfinance
2026-02-03,^GSPC,S&P 500,index,6917.81005859,-0.0084039830206983,yfinance
2026-02-04,^GSPC,S&P 500,index,6882.72021484,-0.0050723919062231,yfinance
2026-02-05,^GSPC,S&P 500,index,6798.39990234,-0.0122510155676747,yfinance
2026-02-06,^GSPC,S&P 500,index,6932.29980469,0.0196957966973359,yfinance
2026-02-09,^GSPC,S&P 500,index,6964.81982422,0.0046910867168872,yfinance
2026-02-10,^GSPC,S&P 500,index,6941.81005859,-0.0033037129754581,yfinance
2026-02-11,^GSPC,S&P 500,index,6941.47021484,-4.895607156218951e-05,yfinance
2026-02-12,^GSPC,S&P 500,index,6832.75976563,-0.0156610121277019,yfinance
2026-02-13,^GSPC,S&P 500,index,6836.16992188,0.0004990891480125,yfinance
2026-02-17,^GSPC,S&P 500,index,6843.22021484,0.0010313220779065,yfinance
2026-02-18,^GSPC,S&P 500,index,6881.31005859,0.0055660701474107,yfinance
2026-02-19,^GSPC,S&P 500,index,6861.89013672,-0.0028221256867719,yfinance
2026-02-20,^GSPC,S&P 500,index,6909.50976563,0.0069397247635067,yfinance
2026-02-23,^GSPC,S&P 500,index,6837.75,-0.0103856522472848,yfinance
2026-02-24,^GSPC,S&P 500,index,6890.06982422,0.0076516140863223,yfinance
2026-02-25,^GSPC,S&P 500,index,6946.12988281,0.0081363556573399,yfinance
2026-02-26,^GSPC,S&P 500,index,6908.85986328,-0.0053655805693283,yfinance
2026-02-27,^GSPC,S&P 500,index,6878.87988281,-0.0043393528110311,yfinance
2026-03-02,^GSPC,S&P 500,index,6881.62011719,0.0003983547353176,yfinance
2026-03-03,^GSPC,S&P 500,index,6816.62988281,-0.0094440310956254,yfinance
2026-03-04,^GSPC,S&P 500,index,6869.5,0.0077560492642863,yfinance
2026-03-05,^GSPC,S&P 500,index,6830.70996094,-0.005646704863891,yfinance
2026-03-06,^GSPC,S&P 500,index,6740.02001953,-0.0132767958125692,yfinance
2026-03-09,^GSPC,S&P 500,index,6795.99023438,0.0083041615131052,yfinance
2026-03-10,^GSPC,S&P 500,index,6781.47998047,-0.0021351198877325,yfinance
2026-03-11,^GSPC,S&P 500,index,6775.79980469,-0.0008376012017449,yfinance
2026-03-12,^GSPC,S&P 500,index,6672.62011719,-0.0152276765067085,yfinance
2026-03-13,^GSPC,S&P 500,index,6632.18994141,-0.0060591154705643,yfinance
2026-03-16,^GSPC,S&P 500,index,6699.37988281,0.0101308831622519,yfinance
2026-03-17,^GSPC,S&P 500,index,6716.08984375,0.0024942548757938,yfinance
2026-03-18,^GSPC,S&P 500,index,6624.70019531,-0.0136075678800734,yfinance
2026-03-19,^GSPC,S&P 500,index,6606.49023438,-0.0027487977418789,yfinance
2026-03-20,^GSPC,S&P 500,index,6506.47998047,-0.0151381823567792,yfinance
2026-03-23,^GSPC,S&P 500,index,6581.0,0.0114532004639904,yfinance
2026-03-24,^GSPC,S&P 500,index,6556.37011719,-0.0037425745042546,yfinance
2026-03-25,^GSPC,S&P 500,index,6591.89990234,0.0054191243815093,yfinance
2026-03-26,^GSPC,S&P 500,index,6477.16015625,-0.0174061723924167,yfinance
2026-03-27,^GSPC,S&P 500,index,6368.85009766,-0.0167218435210743,yfinance
2026-03-30,^GSPC,S&P 500,index,6343.72021484,-0.0039457488286226,yfinance
2026-03-31,^GSPC,S&P 500,index,6528.52001953,0.0291311404710259,yfinance
2026-04-01,^GSPC,S&P 500,index,6575.31982422,0.0071685166848673,yfinance
2026-04-02,^GSPC,S&P 500,index,6582.68994141,0.0011208758485563,yfinance
2026-04-06,^GSPC,S&P 500,index,6611.83007813,0.0044267825126402,yfinance
2026-04-07,^GSPC,S&P 500,index,6616.85009766,0.0007592481161695,yfinance
2026-04-08,^GSPC,S&P 500,index,6782.81005859,0.0250814146441498,yfinance
2026-04-09,^GSPC,S&P 500,index,6824.66015625,0.0061700235292931,yfinance
2026-04-10,^GSPC,S&P 500,index,6816.89013672,-0.0011385210916523,yfinance
2026-04-13,^GSPC,S&P 500,index,6886.24023438,0.0101732749487482,yfinance
2026-04-14,^GSPC,S&P 500,index,6967.37988281,0.0117828663647927,yfinance
2026-04-15,^GSPC,S&P 500,index,7022.95019531,0.0079757833553877,yfinance
2026-04-16,^GSPC,S&P 500,index,7041.27978516,0.0026099558353673,yfinance
2026-04-17,^GSPC,S&P 500,index,7126.06005859,0.0120404636691509,yfinance
2026-04-20,^GSPC,S&P 500,index,7109.14013672,-0.0023743726176704,yfinance
2026-04-21,^GSPC,S&P 500,index,7064.00976563,-0.0063482179596729,yfinance
2026-04-22,^GSPC,S&P 500,index,7137.89990234,0.0104600841689539,yfinance
2026-04-23,^GSPC,S&P 500,index,7108.39990234,-0.0041328682670813,yfinance
2026-04-24,^GSPC,S&P 500,index,7165.08007813,0.0079736897979756,yfinance
2026-04-27,^GSPC,S&P 500,index,7173.91015625,0.0012323767534654,yfinance
2026-04-28,^GSPC,S&P 500,index,7138.79980469,-0.0048941721875219,yfinance
2026-04-29,^GSPC,S&P 500,index,7135.95019531,-0.0003991720531409,yfinance
2026-04-30,^GSPC,S&P 500,index,7209.00976563,0.0102382399418219,yfinance
2026-05-01,^GSPC,S&P 500,index,7230.12011719,0.0029283288896571,yfinance
2026-05-04,^GSPC,S&P 500,index,7200.75,-0.0040621893843342,yfinance
2026-05-05,^GSPC,S&P 500,index,7259.22021484,0.0081200173376037,yfinance
2026-05-06,^GSPC,S&P 500,index,7365.12011719,0.0145883303177942,yfinance
2026-05-07,^GSPC,S&P 500,index,7337.10986328,-0.0038030953277848,yfinance
2026-05-08,^GSPC,S&P 500,index,7398.93017578,0.0084257035334009,yfinance
2026-05-11,^GSPC,S&P 500,index,7412.83984375,0.0018799566475542,yfinance
2026-05-12,^GSPC,S&P 500,index,7400.95996094,-0.0016026088601545,yfinance
2026-05-13,^GSPC,S&P 500,index,7444.25,0.0058492464884265,yfinance
2026-05-14,^GSPC,S&P 500,index,7501.24023438,0.0076556045773583,yfinance
2026-05-15,^GSPC,S&P 500,index,7408.5,-0.0123633201280517,yfinance
2026-05-18,^GSPC,S&P 500,index,7403.04980469,-0.0007356678561787,yfinance
2026-05-19,^GSPC,S&P 500,index,7353.60986328,-0.0066783207881359,yfinance
2026-05-20,^GSPC,S&P 500,index,7432.97021484,0.0107920263704455,yfinance
2026-05-21,^GSPC,S&P 500,index,7445.72021484,0.0017153304306989,yfinance
2026-05-22,^GSPC,S&P 500,index,7473.47021484,0.0037269732409066,yfinance
2026-05-26,^GSPC,S&P 500,index,7519.12011719,0.0061082604240638,yfinance
2026-05-27,^GSPC,S&P 500,index,7520.35986328,0.0001648791446908,yfinance
2026-05-28,^GSPC,S&P 500,index,7563.62988281,0.0057537166196686,yfinance
2026-05-29,^GSPC,S&P 500,index,7580.06005859,0.0021722606785117,yfinance
2026-06-01,^GSPC,S&P 500,index,7599.95996094,0.0026252961308912,yfinance
2026-06-02,^GSPC,S&P 500,index,7609.77978516,0.0012920889411551,yfinance
2026-06-03,^GSPC,S&P 500,index,7553.68017578,-0.0073720411048462,yfinance
2026-06-04,^GSPC,S&P 500,index,7584.31005859,0.0040549615683631,yfinance
2026-06-05,^GSPC,S&P 500,index,7383.74023438,-0.0264453618943868,yfinance
2026-06-08,^GSPC,S&P 500,index,7405.72998047,0.0029781310549599,yfinance
2026-06-09,^GSPC,S&P 500,index,7386.64990234,-0.0025763939780845,yfinance
2026-06-10,^GSPC,S&P 500,index,7266.99023438,-0.0161994502989484,yfinance
2026-06-11,^GSPC,S&P 500,index,7394.29980469,0.0175188855642447,yfinance
2025-01-02,^IXIC,Nasdaq Composite,index,19280.7890625,,yfinance
2025-01-03,^IXIC,Nasdaq Composite,index,19621.6796875,0.0176803254210695,yfinance
2025-01-06,^IXIC,Nasdaq Composite,index,19864.98046875,0.0123995898987687,yfinance
2025-01-07,^IXIC,Nasdaq Composite,index,19489.6796875,-0.0188925824437831,yfinance
2025-01-08,^IXIC,Nasdaq Composite,index,19478.88085938,-0.0005540793023871,yfinance
2025-01-10,^IXIC,Nasdaq Composite,index,19161.63085938,-0.0162868699844893,yfinance
2025-01-13,^IXIC,Nasdaq Composite,index,19088.09960938,-0.0038374212789943,yfinance
2025-01-14,^IXIC,Nasdaq Composite,index,19044.390625,-0.0022898552118584,yfinance
2025-01-15,^IXIC,Nasdaq Composite,index,19511.23046875,0.0245132466006641,yfinance
2025-01-16,^IXIC,Nasdaq Composite,index,19338.2890625,-0.0088636852774093,yfinance
2025-01-17,^IXIC,Nasdaq Composite,index,19630.19921875,0.0150949318890913,yfinance
2025-01-21,^IXIC,Nasdaq Composite,index,19756.77929688,0.0064482319672076,yfinance
2025-01-22,^IXIC,Nasdaq Composite,index,20009.33984375,0.0127834877881614,yfinance
2025-01-23,^IXIC,Nasdaq Composite,index,20053.6796875,0.0022159573527285,yfinance
2025-01-24,^IXIC,Nasdaq Composite,index,19954.30078125,-0.0049556444402543,yfinance
2025-01-27,^IXIC,Nasdaq Composite,index,19341.83007813,-0.0306936689909228,yfinance
2025-01-28,^IXIC,Nasdaq Composite,index,19733.58984375,0.02025453455245,yfinance
2025-01-29,^IXIC,Nasdaq Composite,index,19632.3203125,-0.0051318352135546,yfinance
2025-01-30,^IXIC,Nasdaq Composite,index,19681.75,0.0025177710384303,yfinance
2025-01-31,^IXIC,Nasdaq Composite,index,19627.43945313,-0.0027594368831531,yfinance
2025-02-03,^IXIC,Nasdaq Composite,index,19391.9609375,-0.011997413936106,yfinance
2025-02-04,^IXIC,Nasdaq Composite,index,19654.01953125,0.0135137748366249,yfinance
2025-02-05,^IXIC,Nasdaq Composite,index,19692.33007813,0.0019492474205637,yfinance
2025-02-06,^IXIC,Nasdaq Composite,index,19791.99023438,0.0050608615564851,yfinance
2025-02-07,^IXIC,Nasdaq Composite,index,19523.40039063,-0.0135706334011578,yfinance
2025-02-10,^IXIC,Nasdaq Composite,index,19714.26953125,0.009776429146874,yfinance
2025-02-11,^IXIC,Nasdaq Composite,index,19643.859375,-0.0035715325966498,yfinance
2025-02-12,^IXIC,Nasdaq Composite,index,19649.94921875,0.000310012591403,yfinance
2025-02-13,^IXIC,Nasdaq Composite,index,19945.640625,0.0150479476032361,yfinance
2025-02-14,^IXIC,Nasdaq Composite,index,20026.76953125,0.0040675006521631,yfinance
2025-02-18,^IXIC,Nasdaq Composite,index,20041.25976563,0.000723543273037,yfinance
2025-02-19,^IXIC,Nasdaq Composite,index,20056.25,0.0007479686681528,yfinance
2025-02-20,^IXIC,Nasdaq Composite,index,19962.359375,-0.0046813649111873,yfinance
2025-02-21,^IXIC,Nasdaq Composite,index,19524.00976563,-0.0219588076309241,yfinance
2025-02-24,^IXIC,Nasdaq Composite,index,19286.9296875,-0.0121430014106229,yfinance
2025-02-25,^IXIC,Nasdaq Composite,index,19026.390625,-0.013508581548304,yfinance
2025-02-26,^IXIC,Nasdaq Composite,index,19075.25976563,0.002568492447579,yfinance
2025-02-27,^IXIC,Nasdaq Composite,index,18544.41992188,-0.0278287085089458,yfinance
2025-02-28,^IXIC,Nasdaq Composite,index,18847.27929688,0.0163315636874004,yfinance
2025-03-03,^IXIC,Nasdaq Composite,index,18350.18945313,-0.0263746207566638,yfinance
2025-03-04,^IXIC,Nasdaq Composite,index,18285.16015625,-0.0035437943047462,yfinance
2025-03-05,^IXIC,Nasdaq Composite,index,18552.73046875,0.0146331949085249,yfinance
2025-03-06,^IXIC,Nasdaq Composite,index,18069.25976563,-0.0260592748835193,yfinance
2025-03-07,^IXIC,Nasdaq Composite,index,18196.22070313,0.0070263496760132,yfinance
2025-03-10,^IXIC,Nasdaq Composite,index,17468.3203125,-0.0400028336928223,yfinance
2025-03-11,^IXIC,Nasdaq Composite,index,17436.09960938,-0.0018445221148105,yfinance
2025-03-12,^IXIC,Nasdaq Composite,index,17648.44921875,0.0121787334399503,yfinance
2025-03-13,^IXIC,Nasdaq Composite,index,17303.00976563,-0.0195733601770516,yfinance
2025-03-14,^IXIC,Nasdaq Composite,index,17754.08984375,0.0260694575241549,yfinance
2025-03-17,^IXIC,Nasdaq Composite,index,17808.66015625,0.0030736755857529,yfinance
2025-03-18,^IXIC,Nasdaq Composite,index,17504.11914063,-0.0171007258801623,yfinance
2025-03-19,^IXIC,Nasdaq Composite,index,17750.7890625,0.0140921071145196,yfinance
2025-03-20,^IXIC,Nasdaq Composite,index,17691.63085938,-0.0033327083611159,yfinance
2025-03-21,^IXIC,Nasdaq Composite,index,17784.05078125,0.0052239345603362,yfinance
2025-03-24,^IXIC,Nasdaq Composite,index,18188.58984375,0.0227472957357113,yfinance
2025-03-25,^IXIC,Nasdaq Composite,index,18271.859375,0.0045781191376204,yfinance
2025-03-26,^IXIC,Nasdaq Composite,index,17899.01953125,-0.0204051397341711,yfinance
2025-03-27,^IXIC,Nasdaq Composite,index,17804.02929688,-0.0053070076944246,yfinance
2025-03-28,^IXIC,Nasdaq Composite,index,17322.99023438,-0.0270185503786175,yfinance
2025-03-31,^IXIC,Nasdaq Composite,index,17299.2890625,-0.0013681917240805,yfinance
2025-04-01,^IXIC,Nasdaq Composite,index,17449.890625,0.008705650385741,yfinance
2025-04-02,^IXIC,Nasdaq Composite,index,17601.05078125,0.0086625274334635,yfinance
2025-04-03,^IXIC,Nasdaq Composite,index,16550.609375,-0.0596806076696858,yfinance
2025-04-04,^IXIC,Nasdaq Composite,index,15587.79003906,-0.0581742529306417,yfinance
2025-04-07,^IXIC,Nasdaq Composite,index,15603.25976563,0.0009924259002549,yfinance
2025-04-08,^IXIC,Nasdaq Composite,index,15267.91015625,-0.0214922788194423,yfinance
2025-04-09,^IXIC,Nasdaq Composite,index,17124.97070313,0.1216316134867221,yfinance
2025-04-10,^IXIC,Nasdaq Composite,index,16387.31054688,-0.0430751193119057,yfinance
2025-04-11,^IXIC,Nasdaq Composite,index,16724.4609375,0.0205738696206798,yfinance
2025-04-14,^IXIC,Nasdaq Composite,index,16831.48046875,0.0063989824036743,yfinance
2025-04-15,^IXIC,Nasdaq Composite,index,16823.16992188,-0.0004937502016194,yfinance
2025-04-16,^IXIC,Nasdaq Composite,index,16307.16015625,-0.0306725645654947,yfinance
2025-04-17,^IXIC,Nasdaq Composite,index,16286.45019531,-0.0012699918771302,yfinance
2025-04-21,^IXIC,Nasdaq Composite,index,15870.90039063,-0.0255150631171365,yfinance
2025-04-22,^IXIC,Nasdaq Composite,index,16300.41992188,0.0270633373456063,yfinance
2025-04-23,^IXIC,Nasdaq Composite,index,16708.05078125,0.0250073839403341,yfinance
2025-04-24,^IXIC,Nasdaq Composite,index,17166.0390625,0.0274112334973246,yfinance
2025-04-25,^IXIC,Nasdaq Composite,index,17382.93945313,0.0126354361559637,yfinance
2025-04-28,^IXIC,Nasdaq Composite,index,17366.13085938,-0.000966959230073,yfinance
2025-04-29,^IXIC,Nasdaq Composite,index,17461.3203125,0.0054813276426286,yfinance
2025-04-30,^IXIC,Nasdaq Composite,index,17446.33984375,-0.0008579230254012,yfinance
2025-05-01,^IXIC,Nasdaq Composite,index,17710.74023438,0.0151550636404529,yfinance
2025-05-02,^IXIC,Nasdaq Composite,index,17977.73046875,0.0150750466012028,yfinance
2025-05-05,^IXIC,Nasdaq Composite,index,17844.24023438,-0.0074253106979794,yfinance
2025-05-06,^IXIC,Nasdaq Composite,index,17689.66015625,-0.0086627436133267,yfinance
2025-05-07,^IXIC,Nasdaq Composite,index,17738.16015625,0.0027417146271668,yfinance
2025-05-08,^IXIC,Nasdaq Composite,index,17928.140625,0.0107102691077609,yfinance
2025-05-09,^IXIC,Nasdaq Composite,index,17928.91992188,4.346780245101378e-05,yfinance
2025-05-12,^IXIC,Nasdaq Composite,index,18708.33984375,0.0434727761221149,yfinance
2025-05-13,^IXIC,Nasdaq Composite,index,19010.08984375,0.0161291703336685,yfinance
2025-05-14,^IXIC,Nasdaq Composite,index,19146.81054688,0.0071920072050553,yfinance
2025-05-15,^IXIC,Nasdaq Composite,index,19112.3203125,-0.0018013566432154,yfinance
2025-05-16,^IXIC,Nasdaq Composite,index,19211.09960938,0.0051683571256597,yfinance
2025-05-19,^IXIC,Nasdaq Composite,index,19215.4609375,0.0002270212644606,yfinance
2025-05-20,^IXIC,Nasdaq Composite,index,19142.7109375,-0.0037860137852859,yfinance
2025-05-21,^IXIC,Nasdaq Composite,index,18872.640625,-0.0141082584061247,yfinance
2025-05-22,^IXIC,Nasdaq Composite,index,18925.74023438,0.0028135760347527,yfinance
2025-05-23,^IXIC,Nasdaq Composite,index,18737.2109375,-0.0099615282963977,yfinance
2025-05-27,^IXIC,Nasdaq Composite,index,19199.16015625,0.0246541078227107,yfinance
2025-05-28,^IXIC,Nasdaq Composite,index,19100.93945313,-0.0051158853994467,yfinance
2025-05-29,^IXIC,Nasdaq Composite,index,19175.86914063,0.0039228273396647,yfinance
2025-05-30,^IXIC,Nasdaq Composite,index,19113.76953125,-0.0032384247576783,yfinance
2025-06-02,^IXIC,Nasdaq Composite,index,19242.609375,0.0067406820794482,yfinance
2025-06-03,^IXIC,Nasdaq Composite,index,19398.9609375,0.0081252786175212,yfinance
2025-06-04,^IXIC,Nasdaq Composite,index,19460.49023438,0.0031717831214381,yfinance
2025-06-05,^IXIC,Nasdaq Composite,index,19298.44921875,-0.0083266666807175,yfinance
2025-06-06,^IXIC,Nasdaq Composite,index,19529.94921875,0.0119957825302916,yfinance
2025-06-09,^IXIC,Nasdaq Composite,index,19591.24023438,0.0031383090113801,yfinance
2025-06-10,^IXIC,Nasdaq Composite,index,19714.99023438,0.0063165985674999,yfinance
2025-06-11,^IXIC,Nasdaq Composite,index,19615.88085938,-0.0050271074863224,yfinance
2025-06-12,^IXIC,Nasdaq Composite,index,19662.49023438,0.0023761041033099,yfinance
2025-06-13,^IXIC,Nasdaq Composite,index,19406.83007813,-0.0130024301704695,yfinance
2025-06-16,^IXIC,Nasdaq Composite,index,19701.2109375,0.0151689306388487,yfinance
2025-06-17,^IXIC,Nasdaq Composite,index,19521.08984375,-0.0091426407402781,yfinance
2025-06-18,^IXIC,Nasdaq Composite,index,19546.26953125,0.0012898709908895,yfinance
2025-06-20,^IXIC,Nasdaq Composite,index,19447.41015625,-0.0050577106205328,yfinance
2025-06-23,^IXIC,Nasdaq Composite,index,19630.97070313,0.0094388170661381,yfinance
2025-06-24,^IXIC,Nasdaq Composite,index,19912.52929688,0.0143425711345583,yfinance
2025-06-25,^IXIC,Nasdaq Composite,index,19973.55078125,0.0030644768158396,yfinance
2025-06-26,^IXIC,Nasdaq Composite,index,20167.91015625,0.0097308374023536,yfinance
2025-06-27,^IXIC,Nasdaq Composite,index,20273.4609375,0.0052336003300417,yfinance
2025-06-30,^IXIC,Nasdaq Composite,index,20369.73046875,0.0047485494236423,yfinance
2025-07-01,^IXIC,Nasdaq Composite,index,20202.890625,-0.00819057689575,yfinance
2025-07-02,^IXIC,Nasdaq Composite,index,20393.13085938,0.0094164858834402,yfinance
2025-07-03,^IXIC,Nasdaq Composite,index,20601.09960938,0.0101979804589149,yfinance
2025-07-07,^IXIC,Nasdaq Composite,index,20412.51953125,-0.0091538840984576,yfinance
2025-07-08,^IXIC,Nasdaq Composite,index,20418.4609375,0.0002910667760001,yfinance
2025-07-09,^IXIC,Nasdaq Composite,index,20611.33984375,0.0094462999361408,yfinance
2025-07-10,^IXIC,Nasdaq Composite,index,20630.66015625,0.0009373632498645,yfinance
2025-07-11,^IXIC,Nasdaq Composite,index,20585.52929688,-0.0021875625420221,yfinance
2025-07-14,^IXIC,Nasdaq Composite,index,20640.33007813,0.0026621021232773,yfinance
2025-07-15,^IXIC,Nasdaq Composite,index,20677.80078125,0.0018154120105235,yfinance
2025-07-16,^IXIC,Nasdaq Composite,index,20730.49023438,0.0025481168757934,yfinance
2025-07-17,^IXIC,Nasdaq Composite,index,20885.65039063,0.0074846351676101,yfinance
2025-07-18,^IXIC,Nasdaq Composite,index,20895.65039063,0.0004787976344029,yfinance
2025-07-21,^IXIC,Nasdaq Composite,index,20974.1796875,0.0037581647571129,yfinance
2025-07-22,^IXIC,Nasdaq Composite,index,20892.68945313,-0.0038852644341349,yfinance
2025-07-23,^IXIC,Nasdaq Composite,index,21020.01953125,0.0060944800051079,yfinance
2025-07-24,^IXIC,Nasdaq Composite,index,21057.9609375,0.0018050128922855,yfinance
2025-07-25,^IXIC,Nasdaq Composite,index,21108.3203125,0.0023914649262322,yfinance
2025-07-28,^IXIC,Nasdaq Composite,index,21178.58007813,0.0033285341791688,yfinance
2025-07-29,^IXIC,Nasdaq Composite,index,21098.2890625,-0.0037911425283856,yfinance
2025-07-30,^IXIC,Nasdaq Composite,index,21129.66992188,0.001487365126245,yfinance
2025-07-31,^IXIC,Nasdaq Composite,index,21122.44921875,-0.0003417328880052,yfinance
2025-08-01,^IXIC,Nasdaq Composite,index,20650.13085938,-0.0223609655529781,yfinance
2025-08-04,^IXIC,Nasdaq Composite,index,21053.58007813,0.0195373686248014,yfinance
2025-08-05,^IXIC,Nasdaq Composite,index,20916.55078125,-0.0065085983650531,yfinance
2025-08-06,^IXIC,Nasdaq Composite,index,21169.41992188,0.0120894282843075,yfinance
2025-08-07,^IXIC,Nasdaq Composite,index,21242.69921875,0.0034615637625137,yfinance
2025-08-08,^IXIC,Nasdaq Composite,index,21450.01953125,0.0097596030695104,yfinance
2025-08-11,^IXIC,Nasdaq Composite,index,21385.40039063,-0.0030125446054189,yfinance
2025-08-12,^IXIC,Nasdaq Composite,index,21681.90039063,0.0138645989592964,yfinance
2025-08-13,^IXIC,Nasdaq Composite,index,21713.140625,0.0014408439210664,yfinance
2025-08-14,^IXIC,Nasdaq Composite,index,21710.66992188,-0.0001137883813157,yfinance
2025-08-15,^IXIC,Nasdaq Composite,index,21622.98046875,-0.0040390026397411,yfinance
2025-08-18,^IXIC,Nasdaq Composite,index,21629.76953125,0.0003139744083759,yfinance
2025-08-19,^IXIC,Nasdaq Composite,index,21314.94921875,-0.0145549545521119,yfinance
2025-08-20,^IXIC,Nasdaq Composite,index,21172.859375,-0.0066662060646622,yfinance
2025-08-21,^IXIC,Nasdaq Composite,index,21100.31054688,-0.003426501203265,yfinance
2025-08-22,^IXIC,Nasdaq Composite,index,21496.5390625,0.0187783262594531,yfinance
2025-08-25,^IXIC,Nasdaq Composite,index,21449.2890625,-0.0021980282436453,yfinance
2025-08-26,^IXIC,Nasdaq Composite,index,21544.26953125,0.004428140647144,yfinance
2025-08-27,^IXIC,Nasdaq Composite,index,21590.140625,0.0021291552114803,yfinance
2025-08-28,^IXIC,Nasdaq Composite,index,21705.16015625,0.0053274100084745,yfinance
2025-08-29,^IXIC,Nasdaq Composite,index,21455.55078125,-0.0115000015297341,yfinance
2025-09-02,^IXIC,Nasdaq Composite,index,21279.63085938,-0.0081992731703134,yfinance
2025-09-03,^IXIC,Nasdaq Composite,index,21497.73046875,0.0102492195854475,yfinance
2025-09-04,^IXIC,Nasdaq Composite,index,21707.68945313,0.0097665651116152,yfinance
2025-09-05,^IXIC,Nasdaq Composite,index,21700.390625,-0.0003362323816525,yfinance
2025-09-08,^IXIC,Nasdaq Composite,index,21798.69921875,0.004530268392346,yfinance
2025-09-09,^IXIC,Nasdaq Composite,index,21879.49023438,0.0037062310376532,yfinance
2025-09-10,^IXIC,Nasdaq Composite,index,21886.06054688,0.0003002955018429,yfinance
2025-09-11,^IXIC,Nasdaq Composite,index,22043.0703125,0.0071739619512027,yfinance
2025-09-12,^IXIC,Nasdaq Composite,index,22141.09960938,0.0044471707201065,yfinance
2025-09-15,^IXIC,Nasdaq Composite,index,22348.75,0.0093785039717302,yfinance
2025-09-16,^IXIC,Nasdaq Composite,index,22333.9609375,-0.000661740030203,yfinance
2025-09-17,^IXIC,Nasdaq Composite,index,22261.33007813,-0.0032520366440261,yfinance
2025-09-18,^IXIC,Nasdaq Composite,index,22470.72070313,0.0094060248990133,yfinance
2025-09-19,^IXIC,Nasdaq Composite,index,22631.48046875,0.0071541882322734,yfinance
2025-09-22,^IXIC,Nasdaq Composite,index,22788.98046875,0.0069593326082877,yfinance
2025-09-23,^IXIC,Nasdaq Composite,index,22573.47070313,-0.0094567532725091,yfinance
2025-09-24,^IXIC,Nasdaq Composite,index,22497.859375,-0.003349565918303,yfinance
2025-09-25,^IXIC,Nasdaq Composite,index,22384.69921875,-0.0050298188091505,yfinance
2025-09-26,^IXIC,Nasdaq Composite,index,22484.0703125,0.0044392418579726,yfinance
2025-09-29,^IXIC,Nasdaq Composite,index,22591.15039063,0.0047624863575288,yfinance
2025-09-30,^IXIC,Nasdaq Composite,index,22660.00976563,0.003048068549381,yfinance
2025-10-01,^IXIC,Nasdaq Composite,index,22755.16015625,0.0041990445551061,yfinance
2025-10-02,^IXIC,Nasdaq Composite,index,22844.05078125,0.0039063941712396,yfinance
2025-10-03,^IXIC,Nasdaq Composite,index,22780.50976563,-0.0027815126237222,yfinance
2025-10-06,^IXIC,Nasdaq Composite,index,22941.66992188,0.0070744754137672,yfinance
2025-10-07,^IXIC,Nasdaq Composite,index,22788.359375,-0.0066826236885579,yfinance
2025-10-08,^IXIC,Nasdaq Composite,index,23043.38085938,0.0111908663620063,yfinance
2025-10-09,^IXIC,Nasdaq Composite,index,23024.63085938,-0.0008136826846035,yfinance
2025-10-10,^IXIC,Nasdaq Composite,index,22204.4296875,-0.035622771843095,yfinance
2025-10-13,^IXIC,Nasdaq Composite,index,22694.609375,0.0220757612061501,yfinance
2025-10-14,^IXIC,Nasdaq Composite,index,22521.69921875,-0.0076189968019663,yfinance
2025-10-15,^IXIC,Nasdaq Composite,index,22670.08007813,0.0065883509913615,yfinance
2025-10-16,^IXIC,Nasdaq Composite,index,22562.5390625,-0.0047437422035738,yfinance
2025-10-17,^IXIC,Nasdaq Composite,index,22679.97070313,0.0052047174433562,yfinance
2025-10-20,^IXIC,Nasdaq Composite,index,22990.5390625,0.0136935079608462,yfinance
2025-10-21,^IXIC,Nasdaq Composite,index,22953.66992188,-0.0016036657742026,yfinance
2025-10-22,^IXIC,Nasdaq Composite,index,22740.40039063,-0.0092913042653258,yfinance
2025-10-23,^IXIC,Nasdaq Composite,index,22941.80078125,0.0088565015200008,yfinance
2025-10-24,^IXIC,Nasdaq Composite,index,23204.86914063,0.0114667702802999,yfinance
2025-10-27,^IXIC,Nasdaq Composite,index,23637.4609375,0.0186422855588379,yfinance
2025-10-28,^IXIC,Nasdaq Composite,index,23827.49023438,0.008039327801639,yfinance
2025-10-29,^IXIC,Nasdaq Composite,index,23958.47070313,0.005497031683221,yfinance
2025-10-30,^IXIC,Nasdaq Composite,index,23581.140625,-0.0157493390459092,yfinance
2025-10-31,^IXIC,Nasdaq Composite,index,23724.9609375,0.0060989548719083,yfinance
2025-11-03,^IXIC,Nasdaq Composite,index,23834.72070313,0.0046263412578062,yfinance
2025-11-04,^IXIC,Nasdaq Composite,index,23348.640625,-0.0203937811640171,yfinance
2025-11-05,^IXIC,Nasdaq Composite,index,23499.80078125,0.0064740452636093,yfinance
2025-11-06,^IXIC,Nasdaq Composite,index,23053.99023438,-0.0189708223922775,yfinance
2025-11-07,^IXIC,Nasdaq Composite,index,23004.5390625,-0.0021450157379379,yfinance
2025-11-10,^IXIC,Nasdaq Composite,index,23527.16992188,0.0227185973148642,yfinance
2025-11-11,^IXIC,Nasdaq Composite,index,23468.30078125,-0.0025021768797727,yfinance
2025-11-12,^IXIC,Nasdaq Composite,index,23406.4609375,-0.0026350371220488,yfinance
2025-11-13,^IXIC,Nasdaq Composite,index,22870.359375,-0.0229039991962689,yfinance
2025-11-14,^IXIC,Nasdaq Composite,index,22900.58984375,0.0013218187022914,yfinance
2025-11-17,^IXIC,Nasdaq Composite,index,22708.0703125,-0.0084067498943719,yfinance
2025-11-18,^IXIC,Nasdaq Composite,index,22432.84960938,-0.0121199511599847,yfinance
2025-11-19,^IXIC,Nasdaq Composite,index,22564.23046875,0.005856628188694,yfinance
2025-11-20,^IXIC,Nasdaq Composite,index,22078.05078125,-0.0215464776506926,yfinance
2025-11-21,^IXIC,Nasdaq Composite,index,22273.08007813,0.0088336284216099,yfinance
2025-11-24,^IXIC,Nasdaq Composite,index,22872.00976563,0.0268902947144802,yfinance
2025-11-25,^IXIC,Nasdaq Composite,index,23025.58984375,0.0067147609544928,yfinance
2025-11-26,^IXIC,Nasdaq Composite,index,23214.68945313,0.0082125848092586,yfinance
2025-11-28,^IXIC,Nasdaq Composite,index,23365.68945313,0.0065045022594378,yfinance
2025-12-01,^IXIC,Nasdaq Composite,index,23275.91992188,-0.003841938044674,yfinance
2025-12-02,^IXIC,Nasdaq Composite,index,23413.66992188,0.0059181334384357,yfinance
2025-12-03,^IXIC,Nasdaq Composite,index,23454.08984375,0.0017263385880927,yfinance
2025-12-04,^IXIC,Nasdaq Composite,index,23505.140625,0.0021766259782449,yfinance
2025-12-05,^IXIC,Nasdaq Composite,index,23578.13085938,0.0031052881384325,yfinance
2025-12-08,^IXIC,Nasdaq Composite,index,23545.90039063,-0.0013669645376993,yfinance
2025-12-09,^IXIC,Nasdaq Composite,index,23576.49023438,0.0012991579528713,yfinance
2025-12-10,^IXIC,Nasdaq Composite,index,23654.15039063,0.0032939659583752,yfinance
2025-12-11,^IXIC,Nasdaq Composite,index,23593.859375,-0.0025488556819566,yfinance
2025-12-12,^IXIC,Nasdaq Composite,index,23195.16992188,-0.0168980176913087,yfinance
2025-12-15,^IXIC,Nasdaq Composite,index,23057.41015625,-0.0059391574232479,yfinance
2025-12-16,^IXIC,Nasdaq Composite,index,23111.4609375,0.0023441826676855,yfinance
2025-12-17,^IXIC,Nasdaq Composite,index,22693.3203125,-0.0180923493383119,yfinance
2025-12-18,^IXIC,Nasdaq Composite,index,23006.359375,0.013794326180095,yfinance
2025-12-19,^IXIC,Nasdaq Composite,index,23307.61914063,0.0130946300852956,yfinance
2025-12-22,^IXIC,Nasdaq Composite,index,23428.83007813,0.0052004855909426,yfinance
2025-12-23,^IXIC,Nasdaq Composite,index,23561.83984375,0.0056771834180993,yfinance
2025-12-24,^IXIC,Nasdaq Composite,index,23613.31054688,0.0021844942273747,yfinance
2025-12-26,^IXIC,Nasdaq Composite,index,23593.09960938,-0.0008559129165679,yfinance
2025-12-29,^IXIC,Nasdaq Composite,index,23474.34960938,-0.0050332513305209,yfinance
2025-12-30,^IXIC,Nasdaq Composite,index,23419.08007813,-0.0023544648592916,yfinance
2025-12-31,^IXIC,Nasdaq Composite,index,23241.99023438,-0.0075617762593251,yfinance
2026-01-02,^IXIC,Nasdaq Composite,index,23235.63085938,-0.0002736157676632,yfinance
2026-01-05,^IXIC,Nasdaq Composite,index,23395.8203125,0.0068941297137352,yfinance
2026-01-06,^IXIC,Nasdaq Composite,index,23547.16992188,0.0064690875273194,yfinance
2026-01-07,^IXIC,Nasdaq Composite,index,23584.27929688,0.0015759590270558,yfinance
2026-01-08,^IXIC,Nasdaq Composite,index,23480.01953125,-0.0044207314674574,yfinance
2026-01-09,^IXIC,Nasdaq Composite,index,23671.34960938,0.0081486336870526,yfinance
2026-01-12,^IXIC,Nasdaq Composite,index,23733.90039063,0.0026424678897576,yfinance
2026-01-13,^IXIC,Nasdaq Composite,index,23709.86914063,-0.0010125284763347,yfinance
2026-01-14,^IXIC,Nasdaq Composite,index,23471.75,-0.0100430390067822,yfinance
2026-01-15,^IXIC,Nasdaq Composite,index,23530.01953125,0.0024825388498939,yfinance
2026-01-16,^IXIC,Nasdaq Composite,index,23515.390625,-0.0006217124567436,yfinance
2026-01-20,^IXIC,Nasdaq Composite,index,22954.3203125,-0.0238597062429193,yfinance
2026-01-21,^IXIC,Nasdaq Composite,index,23224.8203125,0.0117842739979845,yfinance
2026-01-22,^IXIC,Nasdaq Composite,index,23436.01953125,0.0090936858028705,yfinance
2026-01-23,^IXIC,Nasdaq Composite,index,23501.24023438,0.0027829257881455,yfinance
2026-01-26,^IXIC,Nasdaq Composite,index,23601.359375,0.0042601641286383,yfinance
2026-01-27,^IXIC,Nasdaq Composite,index,23817.09960938,0.0091410088269545,yfinance
2026-01-28,^IXIC,Nasdaq Composite,index,23857.44921875,0.0016941445447504,yfinance
2026-01-29,^IXIC,Nasdaq Composite,index,23685.11914063,-0.0072233236900096,yfinance
2026-01-30,^IXIC,Nasdaq Composite,index,23461.8203125,-0.0094278110571964,yfinance
2026-02-02,^IXIC,Nasdaq Composite,index,23592.109375,0.0055532375904603,yfinance
2026-02-03,^IXIC,Nasdaq Composite,index,23255.18945313,-0.0142810427215137,yfinance
2026-02-04,^IXIC,Nasdaq Composite,index,22904.58007813,-0.015076607984928,yfinance
2026-02-05,^IXIC,Nasdaq Composite,index,22540.58984375,-0.0158915916874908,yfinance
2026-02-06,^IXIC,Nasdaq Composite,index,23031.2109375,0.0217661160222937,yfinance
2026-02-09,^IXIC,Nasdaq Composite,index,23238.66992188,0.0090077323740371,yfinance
2026-02-10,^IXIC,Nasdaq Composite,index,23102.47070313,-0.0058608870132361,yfinance
2026-02-11,^IXIC,Nasdaq Composite,index,23066.47070313,-0.0015582748902752,yfinance
2026-02-12,^IXIC,Nasdaq Composite,index,22597.15039063,-0.0203464291759387,yfinance
2026-02-13,^IXIC,Nasdaq Composite,index,22546.66992188,-0.0022339307336266,yfinance
2026-02-17,^IXIC,Nasdaq Composite,index,22578.38085938,0.0014064576990695,yfinance
2026-02-18,^IXIC,Nasdaq Composite,index,22753.63085938,0.0077618497575848,yfinance
2026-02-19,^IXIC,Nasdaq Composite,index,22682.73046875,-0.0031160033782383,yfinance
2026-02-20,^IXIC,Nasdaq Composite,index,22886.0703125,0.0089645223281271,yfinance
2026-02-23,^IXIC,Nasdaq Composite,index,22627.26953125,-0.0113082227624131,yfinance
2026-02-24,^IXIC,Nasdaq Composite,index,22863.6796875,0.0104480196306275,yfinance
2026-02-25,^IXIC,Nasdaq Composite,index,23152.08007813,0.0126139096841297,yfinance
2026-02-26,^IXIC,Nasdaq Composite,index,22878.38085938,-0.0118217982067452,yfinance
2026-02-27,^IXIC,Nasdaq Composite,index,22668.2109375,-0.0091863984242083,yfinance
2026-03-02,^IXIC,Nasdaq Composite,index,22748.859375,0.0035577769115684,yfinance
2026-03-03,^IXIC,Nasdaq Composite,index,22516.68945313,-0.0102057829822511,yfinance
2026-03-04,^IXIC,Nasdaq Composite,index,22807.48046875,0.0129144657890478,yfinance
2026-03-05,^IXIC,Nasdaq Composite,index,22748.99023438,-0.0025645197616256,yfinance
2026-03-06,^IXIC,Nasdaq Composite,index,22387.6796875,-0.0158824872292151,yfinance
2026-03-09,^IXIC,Nasdaq Composite,index,22695.94921875,0.0137696061205538,yfinance
2026-03-10,^IXIC,Nasdaq Composite,index,22697.09960938,5.068704612942732e-05,yfinance
2026-03-11,^IXIC,Nasdaq Composite,index,22716.13085938,0.0008384881913343,yfinance
2026-03-12,^IXIC,Nasdaq Composite,index,22311.98046875,-0.0177913392525737,yfinance
2026-03-13,^IXIC,Nasdaq Composite,index,22105.359375,-0.009260544757082,yfinance
2026-03-16,^IXIC,Nasdaq Composite,index,22374.1796875,0.0121608659664689,yfinance
2026-03-17,^IXIC,Nasdaq Composite,index,22479.52929688,0.0047085350545323,yfinance
2026-03-18,^IXIC,Nasdaq Composite,index,22152.41992188,-0.0145514334699825,yfinance
2026-03-19,^IXIC,Nasdaq Composite,index,22090.68945313,-0.0027866241687231,yfinance
2026-03-20,^IXIC,Nasdaq Composite,index,21647.609375,-0.0200573222970331,yfinance
2026-03-23,^IXIC,Nasdaq Composite,index,21946.75976563,0.0138190959307717,yfinance
2026-03-24,^IXIC,Nasdaq Composite,index,21761.890625,-0.008423527782655,yfinance
2026-03-25,^IXIC,Nasdaq Composite,index,21929.8203125,0.0077166864953857,yfinance
2026-03-26,^IXIC,Nasdaq Composite,index,21408.08007813,-0.0237913592970758,yfinance
2026-03-27,^IXIC,Nasdaq Composite,index,20948.359375,-0.0214741677650368,yfinance
2026-03-30,^IXIC,Nasdaq Composite,index,20794.640625,-0.0073379851494933,yfinance
2026-03-31,^IXIC,Nasdaq Composite,index,21590.63085938,0.0382786242248416,yfinance
2026-04-01,^IXIC,Nasdaq Composite,index,21840.94921875,0.0115938418384058,yfinance
2026-04-02,^IXIC,Nasdaq Composite,index,21879.1796875,0.0017504032616484,yfinance
2026-04-06,^IXIC,Nasdaq Composite,index,21996.33984375,0.0053548696945404,yfinance
2026-04-07,^IXIC,Nasdaq Composite,index,22017.84960938,0.0009778793098211,yfinance
2026-04-08,^IXIC,Nasdaq Composite,index,22634.99023438,0.0280291052917913,yfinance
2026-04-09,^IXIC,Nasdaq Composite,index,22822.41992188,0.008280528754784,yfinance
2026-04-10,^IXIC,Nasdaq Composite,index,22902.890625,0.003525949632005,yfinance
2026-04-13,^IXIC,Nasdaq Composite,index,23183.74023438,0.0122626271929375,yfinance
2026-04-14,^IXIC,Nasdaq Composite,index,23639.08007813,0.0196404824737839,yfinance
2026-04-15,^IXIC,Nasdaq Composite,index,24016.01953125,0.0159456058306519,yfinance
2026-04-16,^IXIC,Nasdaq Composite,index,24102.69921875,0.0036092445455921,yfinance
2026-04-17,^IXIC,Nasdaq Composite,index,24468.48046875,0.0151759455105116,yfinance
2026-04-20,^IXIC,Nasdaq Composite,index,24404.390625,-0.0026192817258045,yfinance
2026-04-21,^IXIC,Nasdaq Composite,index,24259.9609375,-0.0059181845479905,yfinance
2026-04-22,^IXIC,Nasdaq Composite,index,24657.5703125,0.0163895307178914,yfinance
2026-04-23,^IXIC,Nasdaq Composite,index,24438.5,-0.0088845052340352,yfinance
2026-04-24,^IXIC,Nasdaq Composite,index,24836.59960938,0.0162898545072325,yfinance
2026-04-27,^IXIC,Nasdaq Composite,index,24887.09960938,0.0020332896126786,yfinance
2026-04-28,^IXIC,Nasdaq Composite,index,24663.80078125,-0.0089724729530508,yfinance
2026-04-29,^IXIC,Nasdaq Composite,index,24673.24023438,0.0003827249988239,yfinance
2026-04-30,^IXIC,Nasdaq Composite,index,24892.31054688,0.0088788627038449,yfinance
2026-05-01,^IXIC,Nasdaq Composite,index,25114.43945313,0.0089235953340574,yfinance
2026-05-04,^IXIC,Nasdaq Composite,index,25067.80078125,-0.0018570461013891,yfinance
2026-05-05,^IXIC,Nasdaq Composite,index,25326.13085938,0.0103052549515321,yfinance
2026-05-06,^IXIC,Nasdaq Composite,index,25838.93945313,0.0202482012194205,yfinance
2026-05-07,^IXIC,Nasdaq Composite,index,25806.19921875,-0.0012670889389402,yfinance
2026-05-08,^IXIC,Nasdaq Composite,index,26247.08007813,0.0170843003899106,yfinance
2026-05-11,^IXIC,Nasdaq Composite,index,26274.13085938,0.0010306205935852,yfinance
2026-05-12,^IXIC,Nasdaq Composite,index,26088.19921875,-0.0070766048026534,yfinance
2026-05-13,^IXIC,Nasdaq Composite,index,26402.33984375,0.0120414836748954,yfinance
2026-05-14,^IXIC,Nasdaq Composite,index,26635.22070313,0.0088204629117418,yfinance
2026-05-15,^IXIC,Nasdaq Composite,index,26225.140625,-0.0153961584435786,yfinance
2026-05-18,^IXIC,Nasdaq Composite,index,26090.73046875,-0.0051252406296677,yfinance
2026-05-19,^IXIC,Nasdaq Composite,index,25870.7109375,-0.0084328620662241,yfinance
2026-05-20,^IXIC,Nasdaq Composite,index,26270.359375,0.0154479109006897,yfinance
2026-05-21,^IXIC,Nasdaq Composite,index,26293.09960938,0.0008656232695711,yfinance
2026-05-22,^IXIC,Nasdaq Composite,index,26343.97070313,0.0019347697496974,yfinance
2026-05-26,^IXIC,Nasdaq Composite,index,26656.1796875,0.0118512500599601,yfinance
2026-05-27,^IXIC,Nasdaq Composite,index,26674.73046875,0.0006959279787079,yfinance
2026-05-28,^IXIC,Nasdaq Composite,index,26917.47070313,0.0091000070144804,yfinance
2026-05-29,^IXIC,Nasdaq Composite,index,26972.61914063,0.0020487971588503,yfinance
2026-06-01,^IXIC,Nasdaq Composite,index,27086.81054688,0.0042336046660744,yfinance
2026-06-02,^IXIC,Nasdaq Composite,index,27093.90039063,0.0002617452408333,yfinance
2026-06-03,^IXIC,Nasdaq Composite,index,26853.98046875,-0.0088551267412947,yfinance
2026-06-04,^IXIC,Nasdaq Composite,index,26830.9609375,-0.0008572111414465,yfinance
2026-06-05,^IXIC,Nasdaq Composite,index,25709.4296875,-0.0417998912753252,yfinance
2026-06-08,^IXIC,Nasdaq Composite,index,25929.66015625,0.0085661359052657,yfinance
2026-06-09,^IXIC,Nasdaq Composite,index,25678.8203125,-0.0096738577458578,yfinance
2026-06-10,^IXIC,Nasdaq Composite,index,25169.5,-0.0198342566481557,yfinance
2026-06-11,^IXIC,Nasdaq Composite,index,25809.66015625,0.0254339639742544,yfinance
2025-01-02,^TNX,US 10-Year Treasury Yield,index,4.57499981,,yfinance
2025-01-03,^TNX,US 10-Year Treasury Yield,index,4.59600019,0.0045902483409714,yfinance
2025-01-06,^TNX,US 10-Year Treasury Yield,index,4.61800003,0.0047867352125239,yfinance
2025-01-07,^TNX,US 10-Year Treasury Yield,index,4.68300009,0.0140753695952604,yfinance
2025-01-08,^TNX,US 10-Year Treasury Yield,index,4.69299984,0.0021353303133306,yfinance
2025-01-10,^TNX,US 10-Year Treasury Yield,index,4.77600002,0.0176859548133527,yfinance
2025-01-13,^TNX,US 10-Year Treasury Yield,index,4.80299997,0.0056532559211772,yfinance
2025-01-14,^TNX,US 10-Year Treasury Yield,index,4.78800011,-0.0031230203141764,yfinance
2025-01-15,^TNX,US 10-Year Treasury Yield,index,4.65299988,-0.0281955358960374,yfinance
2025-01-16,^TNX,US 10-Year Treasury Yield,index,4.60599995,-0.010100995608958,yfinance
2025-01-17,^TNX,US 10-Year Treasury Yield,index,4.60900021,0.0006513806848027,yfinance
2025-01-21,^TNX,US 10-Year Treasury Yield,index,4.57399988,-0.0075939081546909,yfinance
2025-01-22,^TNX,US 10-Year Treasury Yield,index,4.59899998,0.0054656965487058,yfinance
2025-01-23,^TNX,US 10-Year Treasury Yield,index,4.63800001,0.0084801118778798,yfinance
2025-01-24,^TNX,US 10-Year Treasury Yield,index,4.62599993,-0.0025873402099461,yfinance
2025-01-27,^TNX,US 10-Year Treasury Yield,index,4.52799988,-0.0211846197852375,yfinance
2025-01-28,^TNX,US 10-Year Treasury Yield,index,4.55100012,0.0050795585128069,yfinance
2025-01-29,^TNX,US 10-Year Treasury Yield,index,4.55499983,0.0008788639813397,yfinance
2025-01-30,^TNX,US 10-Year Treasury Yield,index,4.51200008,-0.0094401198761332,yfinance
2025-01-31,^TNX,US 10-Year Treasury Yield,index,4.56899977,0.0126329083155876,yfinance
2025-02-03,^TNX,US 10-Year Treasury Yield,index,4.54300022,-0.0056904240260816,yfinance
2025-02-04,^TNX,US 10-Year Treasury Yield,index,4.51300001,-0.0066036117867673,yfinance
2025-02-05,^TNX,US 10-Year Treasury Yield,index,4.42199993,-0.0201639884506722,yfinance
2025-02-06,^TNX,US 10-Year Treasury Yield,index,4.44000006,0.00407058484046,yfinance
2025-02-07,^TNX,US 10-Year Treasury Yield,index,4.48699999,0.0105855699841752,yfinance
2025-02-10,^TNX,US 10-Year Treasury Yield,index,4.49300003,0.0013372057002392,yfinance
2025-02-11,^TNX,US 10-Year Treasury Yield,index,4.53700018,0.0097930443966913,yfinance
2025-02-12,^TNX,US 10-Year Treasury Yield,index,4.63700008,0.0220409743620948,yfinance
2025-02-13,^TNX,US 10-Year Treasury Yield,index,4.5250001,-0.0241535446471559,yfinance
2025-02-14,^TNX,US 10-Year Treasury Yield,index,4.47200012,-0.0117127010342782,yfinance
2025-02-18,^TNX,US 10-Year Treasury Yield,index,4.54400015,0.0161001844225237,yfinance
2025-02-19,^TNX,US 10-Year Treasury Yield,index,4.53499985,-0.0019807000586287,yfinance
2025-02-20,^TNX,US 10-Year Treasury Yield,index,4.5,-0.0077177174398543,yfinance
2025-02-21,^TNX,US 10-Year Treasury Yield,index,4.42000008,-0.0177777608235677,yfinance
2025-02-24,^TNX,US 10-Year Treasury Yield,index,4.39300013,-0.0061085859599292,yfinance
2025-02-25,^TNX,US 10-Year Treasury Yield,index,4.29799986,-0.0216253731633275,yfinance
2025-02-26,^TNX,US 10-Year Treasury Yield,index,4.24900007,-0.0114006021372912,yfinance
2025-02-27,^TNX,US 10-Year Treasury Yield,index,4.28499985,0.008472528669988,yfinance
2025-02-28,^TNX,US 10-Year Treasury Yield,index,4.23099995,-0.012602077652461,yfinance
2025-03-03,^TNX,US 10-Year Treasury Yield,index,4.17999983,-0.0120539160717002,yfinance
2025-03-04,^TNX,US 10-Year Treasury Yield,index,4.21000004,0.0071770839809515,yfinance
2025-03-05,^TNX,US 10-Year Treasury Yield,index,4.26499987,0.0130640921235789,yfinance
2025-03-06,^TNX,US 10-Year Treasury Yield,index,4.28599977,0.0049237770468137,yfinance
2025-03-07,^TNX,US 10-Year Treasury Yield,index,4.31699991,0.0072328835643924,yfinance
2025-03-10,^TNX,US 10-Year Treasury Yield,index,4.21299982,-0.0240908254960426,yfinance
2025-03-11,^TNX,US 10-Year Treasury Yield,index,4.28800011,0.0178021099677305,yfinance
2025-03-12,^TNX,US 10-Year Treasury Yield,index,4.31799984,0.0069962062089357,yfinance
2025-03-13,^TNX,US 10-Year Treasury Yield,index,4.27400017,-0.0101898271349285,yfinance
2025-03-14,^TNX,US 10-Year Treasury Yield,index,4.30800009,0.0079550581553877,yfinance
2025-03-17,^TNX,US 10-Year Treasury Yield,index,4.30600023,-0.0004642188952586,yfinance
2025-03-18,^TNX,US 10-Year Treasury Yield,index,4.28100014,-0.0058058741329365,yfinance
2025-03-19,^TNX,US 10-Year Treasury Yield,index,4.25600004,-0.0058397791556785,yfinance
2025-03-20,^TNX,US 10-Year Treasury Yield,index,4.2329998,-0.0054041917526218,yfinance
2025-03-21,^TNX,US 10-Year Treasury Yield,index,4.25199986,0.0044885552317814,yfinance
2025-03-24,^TNX,US 10-Year Treasury Yield,index,4.33099985,0.0185794917400183,yfinance
2025-03-25,^TNX,US 10-Year Treasury Yield,index,4.30700016,-0.005541374240113,yfinance
2025-03-26,^TNX,US 10-Year Treasury Yield,index,4.33799982,0.0071975062314322,yfinance
2025-03-27,^TNX,US 10-Year Treasury Yield,index,4.36899996,0.0071461822522698,yfinance
2025-03-28,^TNX,US 10-Year Treasury Yield,index,4.25500011,-0.0260928918957,yfinance
2025-03-31,^TNX,US 10-Year Treasury Yield,index,4.24599981,-0.0021152294051739,yfinance
2025-04-01,^TNX,US 10-Year Treasury Yield,index,4.15600014,-0.0211963447274509,yfinance
2025-04-02,^TNX,US 10-Year Treasury Yield,index,4.1960001,0.0096246295792312,yfinance
2025-04-03,^TNX,US 10-Year Treasury Yield,index,4.05499983,-0.0336034955935747,yfinance
2025-04-04,^TNX,US 10-Year Treasury Yield,index,3.9849999,-0.0172626229854805,yfinance
2025-04-07,^TNX,US 10-Year Treasury Yield,index,4.15500021,0.0426600550031974,yfinance
2025-04-08,^TNX,US 10-Year Treasury Yield,index,4.26200008,0.0257520742989145,yfinance
2025-04-09,^TNX,US 10-Year Treasury Yield,index,4.4000001,0.0323791667589685,yfinance
2025-04-10,^TNX,US 10-Year Treasury Yield,index,4.39400005,-0.0013636458708232,yfinance
2025-04-11,^TNX,US 10-Year Treasury Yield,index,4.49300003,0.0225307182313487,yfinance
2025-04-14,^TNX,US 10-Year Treasury Yield,index,4.36399984,-0.0287113701411004,yfinance
2025-04-15,^TNX,US 10-Year Treasury Yield,index,4.32299995,-0.0093950253994467,yfinance
2025-04-16,^TNX,US 10-Year Treasury Yield,index,4.27899981,-0.0101781515704629,yfinance
2025-04-17,^TNX,US 10-Year Treasury Yield,index,4.33300018,0.01261985980608,yfinance
2025-04-21,^TNX,US 10-Year Treasury Yield,index,4.40500021,0.0166166682807011,yfinance
2025-04-22,^TNX,US 10-Year Treasury Yield,index,4.38899994,-0.0036322974078137,yfinance
2025-04-23,^TNX,US 10-Year Treasury Yield,index,4.38700008,-0.0004556516448654,yfinance
2025-04-24,^TNX,US 10-Year Treasury Yield,index,4.30499983,-0.0186916466870415,yfinance
2025-04-25,^TNX,US 10-Year Treasury Yield,index,4.26599979,-0.0090592417856903,yfinance
2025-04-28,^TNX,US 10-Year Treasury Yield,index,4.21600008,-0.0117205148410821,yfinance
2025-04-29,^TNX,US 10-Year Treasury Yield,index,4.17299986,-0.0101992932721513,yfinance
2025-04-30,^TNX,US 10-Year Treasury Yield,index,4.17700005,0.000958587839795,yfinance
2025-05-01,^TNX,US 10-Year Treasury Yield,index,4.23099995,0.0129279148254914,yfinance
2025-05-02,^TNX,US 10-Year Treasury Yield,index,4.32200003,0.021507936955162,yfinance
2025-05-05,^TNX,US 10-Year Treasury Yield,index,4.34299994,0.004858840425155,yfinance
2025-05-06,^TNX,US 10-Year Treasury Yield,index,4.30800009,-0.0080589104155488,yfinance
2025-05-07,^TNX,US 10-Year Treasury Yield,index,4.2750001,-0.0076601652039269,yfinance
2025-05-08,^TNX,US 10-Year Treasury Yield,index,4.37300014,0.0229239876970439,yfinance
2025-05-09,^TNX,US 10-Year Treasury Yield,index,4.375,0.0004573187686283,yfinance
2025-05-12,^TNX,US 10-Year Treasury Yield,index,4.45699978,0.0187428065708705,yfinance
2025-05-13,^TNX,US 10-Year Treasury Yield,index,4.49900007,0.0094234453257011,yfinance
2025-05-14,^TNX,US 10-Year Treasury Yield,index,4.52799988,0.0064458335148369,yfinance
2025-05-15,^TNX,US 10-Year Treasury Yield,index,4.45499992,-0.016121898452217,yfinance
2025-05-16,^TNX,US 10-Year Treasury Yield,index,4.44099998,-0.0031425228293151,yfinance
2025-05-19,^TNX,US 10-Year Treasury Yield,index,4.4749999,0.0076559153362254,yfinance
2025-05-20,^TNX,US 10-Year Treasury Yield,index,4.48099995,0.0013407915283882,yfinance
2025-05-21,^TNX,US 10-Year Treasury Yield,index,4.59600019,0.0256639699455314,yfinance
2025-05-22,^TNX,US 10-Year Treasury Yield,index,4.55299997,-0.0093560094500073,yfinance
2025-05-23,^TNX,US 10-Year Treasury Yield,index,4.50899982,-0.009663990562541,yfinance
2025-05-27,^TNX,US 10-Year Treasury Yield,index,4.43400002,-0.0166333582133273,yfinance
2025-05-28,^TNX,US 10-Year Treasury Yield,index,4.47700024,0.0096978396717331,yfinance
2025-05-29,^TNX,US 10-Year Treasury Yield,index,4.42399979,-0.0118383844838881,yfinance
2025-05-30,^TNX,US 10-Year Treasury Yield,index,4.41599989,-0.0018082950699519,yfinance
2025-06-02,^TNX,US 10-Year Treasury Yield,index,4.46199989,0.0104166677914523,yfinance
2025-06-03,^TNX,US 10-Year Treasury Yield,index,4.46000004,-0.000448197016893,yfinance
2025-06-04,^TNX,US 10-Year Treasury Yield,index,4.36499977,-0.0213005081202374,yfinance
2025-06-05,^TNX,US 10-Year Treasury Yield,index,4.39400005,0.0066438221782927,yfinance
2025-06-06,^TNX,US 10-Year Treasury Yield,index,4.51000023,0.0263996754816067,yfinance
2025-06-09,^TNX,US 10-Year Treasury Yield,index,4.48199987,-0.0062085040678119,yfinance
2025-06-10,^TNX,US 10-Year Treasury Yield,index,4.47399998,-0.001784894517596,yfinance
2025-06-11,^TNX,US 10-Year Treasury Yield,index,4.41200018,-0.0138578002097058,yfinance
2025-06-12,^TNX,US 10-Year Treasury Yield,index,4.35699987,-0.0124660704761402,yfinance
2025-06-13,^TNX,US 10-Year Treasury Yield,index,4.42399979,0.015377533669443,yfinance
2025-06-16,^TNX,US 10-Year Treasury Yield,index,4.45200014,0.0063291944210912,yfinance
2025-06-17,^TNX,US 10-Year Treasury Yield,index,4.39300013,-0.0132524738068923,yfinance
2025-06-18,^TNX,US 10-Year Treasury Yield,index,4.39699984,0.0009104734733422,yfinance
2025-06-20,^TNX,US 10-Year Treasury Yield,index,4.375,-0.0050033742980966,yfinance
2025-06-23,^TNX,US 10-Year Treasury Yield,index,4.32000017,-0.0125713893345423,yfinance
2025-06-24,^TNX,US 10-Year Treasury Yield,index,4.29300022,-0.0062499882722346,yfinance
2025-06-25,^TNX,US 10-Year Treasury Yield,index,4.29300022,0.0,yfinance
2025-06-26,^TNX,US 10-Year Treasury Yield,index,4.25299978,-0.0093175953013381,yfinance
2025-06-27,^TNX,US 10-Year Treasury Yield,index,4.28299999,0.0070538940376516,yfinance
2025-06-30,^TNX,US 10-Year Treasury Yield,index,4.23000002,-0.0123744976398619,yfinance
2025-07-01,^TNX,US 10-Year Treasury Yield,index,4.25099993,0.0049645173410342,yfinance
2025-07-02,^TNX,US 10-Year Treasury Yield,index,4.29300022,0.0098800974941875,yfinance
2025-07-03,^TNX,US 10-Year Treasury Yield,index,4.34800005,0.0128115130454331,yfinance
2025-07-07,^TNX,US 10-Year Treasury Yield,index,4.39499998,0.010809551701792,yfinance
2025-07-08,^TNX,US 10-Year Treasury Yield,index,4.41499996,0.0045506213909691,yfinance
2025-07-09,^TNX,US 10-Year Treasury Yield,index,4.34200001,-0.0165345311108436,yfinance
2025-07-10,^TNX,US 10-Year Treasury Yield,index,4.34600019,0.000921277501874,yfinance
2025-07-11,^TNX,US 10-Year Treasury Yield,index,4.42299986,0.0177173632903211,yfinance
2025-07-14,^TNX,US 10-Year Treasury Yield,index,4.42700005,0.000904405843956,yfinance
2025-07-15,^TNX,US 10-Year Treasury Yield,index,4.48899984,0.0140049236909758,yfinance
2025-07-16,^TNX,US 10-Year Treasury Yield,index,4.45499992,-0.0075740523671103,yfinance
2025-07-17,^TNX,US 10-Year Treasury Yield,index,4.46299982,0.0017957120404434,yfinance
2025-07-18,^TNX,US 10-Year Treasury Yield,index,4.43200016,-0.0069459246554522,yfinance
2025-07-21,^TNX,US 10-Year Treasury Yield,index,4.37200022,-0.0135378927370344,yfinance
2025-07-22,^TNX,US 10-Year Treasury Yield,index,4.33599997,-0.0082342749267102,yfinance
2025-07-23,^TNX,US 10-Year Treasury Yield,index,4.38800001,0.0119926305784365,yfinance
2025-07-24,^TNX,US 10-Year Treasury Yield,index,4.40799999,0.0045578807826693,yfinance
2025-07-25,^TNX,US 10-Year Treasury Yield,index,4.38600016,-0.0049908883861377,yfinance
2025-07-28,^TNX,US 10-Year Treasury Yield,index,4.42000008,0.0077519194434421,yfinance
2025-07-29,^TNX,US 10-Year Treasury Yield,index,4.32999992,-0.020362025120903,yfinance
2025-07-30,^TNX,US 10-Year Treasury Yield,index,4.37599993,0.010623557650164,yfinance
2025-07-31,^TNX,US 10-Year Treasury Yield,index,4.36000013,-0.0036562601168533,yfinance
2025-08-01,^TNX,US 10-Year Treasury Yield,index,4.21999979,-0.0321101695035742,yfinance
2025-08-04,^TNX,US 10-Year Treasury Yield,index,4.19999981,-0.0047393322087357,yfinance
2025-08-05,^TNX,US 10-Year Treasury Yield,index,4.1960001,-0.0009523119677731,yfinance
2025-08-06,^TNX,US 10-Year Treasury Yield,index,4.21999979,0.0057196593046313,yfinance
2025-08-07,^TNX,US 10-Year Treasury Yield,index,4.24399996,0.0056872438483202,yfinance
2025-08-08,^TNX,US 10-Year Treasury Yield,index,4.28499985,0.0096606714842499,yfinance
2025-08-11,^TNX,US 10-Year Treasury Yield,index,4.27299976,-0.0028004864295589,yfinance
2025-08-12,^TNX,US 10-Year Treasury Yield,index,4.29300022,0.0046806596935877,yfinance
2025-08-13,^TNX,US 10-Year Treasury Yield,index,4.23799992,-0.0128116241186065,yfinance
2025-08-14,^TNX,US 10-Year Treasury Yield,index,4.29300022,0.0129778919926686,yfinance
2025-08-15,^TNX,US 10-Year Treasury Yield,index,4.32800007,0.0081527709313506,yfinance
2025-08-18,^TNX,US 10-Year Treasury Yield,index,4.34100008,0.0030036994542153,yfinance
2025-08-19,^TNX,US 10-Year Treasury Yield,index,4.30200005,-0.0089841127879682,yfinance
2025-08-20,^TNX,US 10-Year Treasury Yield,index,4.296,-0.0013947098786204,yfinance
2025-08-21,^TNX,US 10-Year Treasury Yield,index,4.32999992,0.0079143202656346,yfinance
2025-08-22,^TNX,US 10-Year Treasury Yield,index,4.26000023,-0.0161662115606473,yfinance
2025-08-25,^TNX,US 10-Year Treasury Yield,index,4.2750001,0.003521095229972,yfinance
2025-08-26,^TNX,US 10-Year Treasury Yield,index,4.2579999,-0.0039766544994186,yfinance
2025-08-27,^TNX,US 10-Year Treasury Yield,index,4.23799992,-0.004697036498425,yfinance
2025-08-28,^TNX,US 10-Year Treasury Yield,index,4.20699978,-0.0073148036675281,yfinance
2025-08-29,^TNX,US 10-Year Treasury Yield,index,4.22700024,0.0047540905194978,yfinance
2025-09-02,^TNX,US 10-Year Treasury Yield,index,4.27699995,0.0118286517861594,yfinance
2025-09-03,^TNX,US 10-Year Treasury Yield,index,4.21099997,-0.0154313737447907,yfinance
2025-09-04,^TNX,US 10-Year Treasury Yield,index,4.17600012,-0.0083115287811595,yfinance
2025-09-05,^TNX,US 10-Year Treasury Yield,index,4.08599997,-0.0215517600668759,yfinance
2025-09-08,^TNX,US 10-Year Treasury Yield,index,4.046,-0.0097895159542642,yfinance
2025-09-09,^TNX,US 10-Year Treasury Yield,index,4.07399988,0.0069203850477725,yfinance
2025-09-10,^TNX,US 10-Year Treasury Yield,index,4.03200006,-0.0103092337048738,yfinance
2025-09-11,^TNX,US 10-Year Treasury Yield,index,4.01100016,-0.0052083105430326,yfinance
2025-09-12,^TNX,US 10-Year Treasury Yield,index,4.06099987,0.0124656474565059,yfinance
2025-09-15,^TNX,US 10-Year Treasury Yield,index,4.03399992,-0.0066485967178666,yfinance
2025-09-16,^TNX,US 10-Year Treasury Yield,index,4.02600002,-0.0019831177893006,yfinance
2025-09-17,^TNX,US 10-Year Treasury Yield,index,4.07600021,0.012419322019525,yfinance
2025-09-18,^TNX,US 10-Year Treasury Yield,index,4.10400009,0.0068694495736543,yfinance
2025-09-19,^TNX,US 10-Year Treasury Yield,index,4.13899994,0.008528227736678,yfinance
2025-09-22,^TNX,US 10-Year Treasury Yield,index,4.14300013,0.000966462183898,yfinance
2025-09-23,^TNX,US 10-Year Treasury Yield,index,4.11999989,-0.0055515905447901,yfinance
2025-09-24,^TNX,US 10-Year Treasury Yield,index,4.14699984,0.0065533862036191,yfinance
2025-09-25,^TNX,US 10-Year Treasury Yield,index,4.17199993,0.0060284775394972,yfinance
2025-09-26,^TNX,US 10-Year Treasury Yield,index,4.1869998,0.0035953659473801,yfinance
2025-09-29,^TNX,US 10-Year Treasury Yield,index,4.14099979,-0.0109863878757854,yfinance
2025-09-30,^TNX,US 10-Year Treasury Yield,index,4.14799976,0.0016904056582069,yfinance
2025-10-01,^TNX,US 10-Year Treasury Yield,index,4.10599995,-0.0101253180543111,yfinance
2025-10-02,^TNX,US 10-Year Treasury Yield,index,4.08799982,-0.0043838592594089,yfinance
2025-10-03,^TNX,US 10-Year Treasury Yield,index,4.11899996,0.0075832041802104,yfinance
2025-10-06,^TNX,US 10-Year Treasury Yield,index,4.16200018,0.0104394808668366,yfinance
2025-10-07,^TNX,US 10-Year Treasury Yield,index,4.12699986,-0.0084094960935904,yfinance
2025-10-08,^TNX,US 10-Year Treasury Yield,index,4.12900019,0.0004846939541853,yfinance
2025-10-09,^TNX,US 10-Year Treasury Yield,index,4.14799976,0.0046014956910853,yfinance
2025-10-10,^TNX,US 10-Year Treasury Yield,index,4.05100012,-0.0233846795477081,yfinance
2025-10-13,^TNX,US 10-Year Treasury Yield,index,4.05100012,0.0,yfinance
2025-10-14,^TNX,US 10-Year Treasury Yield,index,4.02199984,-0.0071587957148926,yfinance
2025-10-15,^TNX,US 10-Year Treasury Yield,index,4.046,0.0059672224827187,yfinance
2025-10-16,^TNX,US 10-Year Treasury Yield,index,3.97600007,-0.0173010215464161,yfinance
2025-10-17,^TNX,US 10-Year Treasury Yield,index,4.00699997,0.0077967551207973,yfinance
2025-10-20,^TNX,US 10-Year Treasury Yield,index,3.98600006,-0.0052408057417526,yfinance
2025-10-21,^TNX,US 10-Year Treasury Yield,index,3.96300006,-0.0057701960750534,yfinance
2025-10-22,^TNX,US 10-Year Treasury Yield,index,3.95300007,-0.0025233384592626,yfinance
2025-10-23,^TNX,US 10-Year Treasury Yield,index,3.99099994,0.0096129187282767,yfinance
2025-10-24,^TNX,US 10-Year Treasury Yield,index,3.99699998,0.0015033931486587,yfinance
2025-10-27,^TNX,US 10-Year Treasury Yield,index,3.99699998,0.0,yfinance
2025-10-28,^TNX,US 10-Year Treasury Yield,index,3.98300004,-0.0035026117183717,yfinance
2025-10-29,^TNX,US 10-Year Treasury Yield,index,4.05800009,0.0188300393998221,yfinance
2025-10-30,^TNX,US 10-Year Treasury Yield,index,4.09299994,0.0086249006050709,yfinance
2025-10-31,^TNX,US 10-Year Treasury Yield,index,4.10099983,0.0019545314268079,yfinance
2025-11-03,^TNX,US 10-Year Treasury Yield,index,4.10599995,0.0012192427811665,yfinance
2025-11-04,^TNX,US 10-Year Treasury Yield,index,4.08900023,-0.0041402147462764,yfinance
2025-11-05,^TNX,US 10-Year Treasury Yield,index,4.15700006,0.0166299427830425,yfinance
2025-11-06,^TNX,US 10-Year Treasury Yield,index,4.09299994,-0.0153957490260512,yfinance
2025-11-07,^TNX,US 10-Year Treasury Yield,index,4.09299994,0.0,yfinance
2025-11-10,^TNX,US 10-Year Treasury Yield,index,4.11000013,0.0041534812200367,yfinance
2025-11-11,^TNX,US 10-Year Treasury Yield,index,4.11999989,0.0024330296155312,yfinance
2025-11-12,^TNX,US 10-Year Treasury Yield,index,4.06500006,-0.0133494732685313,yfinance
2025-11-13,^TNX,US 10-Year Treasury Yield,index,4.11199999,0.0115620985667552,yfinance
2025-11-14,^TNX,US 10-Year Treasury Yield,index,4.14799976,0.0087548091033686,yfinance
2025-11-17,^TNX,US 10-Year Treasury Yield,index,4.1329999,-0.0036161685971215,yfinance
2025-11-18,^TNX,US 10-Year Treasury Yield,index,4.12300014,-0.0024194900299727,yfinance
2025-11-19,^TNX,US 10-Year Treasury Yield,index,4.1329999,0.0024253581598596,yfinance
2025-11-20,^TNX,US 10-Year Treasury Yield,index,4.10599995,-0.0065327730660029,yfinance
2025-11-21,^TNX,US 10-Year Treasury Yield,index,4.0630002,-0.0104724171881565,yfinance
2025-11-24,^TNX,US 10-Year Treasury Yield,index,4.03800011,-0.0061531120165891,yfinance
2025-11-25,^TNX,US 10-Year Treasury Yield,index,4.00199986,-0.0089153667205932,yfinance
2025-11-26,^TNX,US 10-Year Treasury Yield,index,3.99799991,-0.0009994874179087,yfinance
2025-11-28,^TNX,US 10-Year Treasury Yield,index,4.0170002,0.004752449291772,yfinance
2025-12-01,^TNX,US 10-Year Treasury Yield,index,4.09600019,0.0196664158038806,yfinance
2025-12-02,^TNX,US 10-Year Treasury Yield,index,4.08599997,-0.0024414620133912,yfinance
2025-12-03,^TNX,US 10-Year Treasury Yield,index,4.05700016,-0.0070973582217591,yfinance
2025-12-04,^TNX,US 10-Year Treasury Yield,index,4.1079998,0.0125707762889824,yfinance
2025-12-05,^TNX,US 10-Year Treasury Yield,index,4.13899994,0.0075462850112013,yfinance
2025-12-08,^TNX,US 10-Year Treasury Yield,index,4.17199993,0.0079729385980273,yfinance
2025-12-09,^TNX,US 10-Year Treasury Yield,index,4.18599987,0.0033556901235045,yfinance
2025-12-10,^TNX,US 10-Year Treasury Yield,index,4.16400003,-0.0052555749282523,yfinance
2025-12-11,^TNX,US 10-Year Treasury Yield,index,4.14099979,-0.0055235927320581,yfinance
2025-12-12,^TNX,US 10-Year Treasury Yield,index,4.19399977,0.0127988350479588,yfinance
2025-12-15,^TNX,US 10-Year Treasury Yield,index,4.18200016,-0.002861136803042,yfinance
2025-12-16,^TNX,US 10-Year Treasury Yield,index,4.14900017,-0.0078909591359008,yfinance
2025-12-17,^TNX,US 10-Year Treasury Yield,index,4.15100002,0.0004820089083152,yfinance
2025-12-18,^TNX,US 10-Year Treasury Yield,index,4.11600018,-0.0084316663982471,yfinance
2025-12-19,^TNX,US 10-Year Treasury Yield,index,4.15100002,0.0085033639261351,yfinance
2025-12-22,^TNX,US 10-Year Treasury Yield,index,4.16900015,0.004336334807458,yfinance
2025-12-23,^TNX,US 10-Year Treasury Yield,index,4.16900015,0.0,yfinance
2025-12-24,^TNX,US 10-Year Treasury Yield,index,4.13600016,-0.0079155651698205,yfinance
2025-12-26,^TNX,US 10-Year Treasury Yield,index,4.13600016,0.0,yfinance
2025-12-29,^TNX,US 10-Year Treasury Yield,index,4.11600018,-0.0048355851475376,yfinance
2025-12-30,^TNX,US 10-Year Treasury Yield,index,4.13000011,0.003401345570454,yfinance
2025-12-31,^TNX,US 10-Year Treasury Yield,index,4.16300011,0.0079903127012559,yfinance
2026-01-02,^TNX,US 10-Year Treasury Yield,index,4.1869998,0.0057649988935271,yfinance
2026-01-05,^TNX,US 10-Year Treasury Yield,index,4.16499996,-0.0052543198066229,yfinance
2026-01-06,^TNX,US 10-Year Treasury Yield,index,4.1789999,0.003361329914302,yfinance
2026-01-07,^TNX,US 10-Year Treasury Yield,index,4.13800001,-0.0098109333206146,yfinance
2026-01-08,^TNX,US 10-Year Treasury Yield,index,4.18300009,0.0108748371603413,yfinance
2026-01-09,^TNX,US 10-Year Treasury Yield,index,4.171,-0.0028687744852113,yfinance
2026-01-12,^TNX,US 10-Year Treasury Yield,index,4.1869998,0.0038359611584066,yfinance
2026-01-13,^TNX,US 10-Year Treasury Yield,index,4.171,-0.0038213027893323,yfinance
2026-01-14,^TNX,US 10-Year Treasury Yield,index,4.13999987,-0.0074323033566889,yfinance
2026-01-15,^TNX,US 10-Year Treasury Yield,index,4.15999985,0.0048309134230701,yfinance
2026-01-16,^TNX,US 10-Year Treasury Yield,index,4.23099995,0.0170673321601915,yfinance
2026-01-20,^TNX,US 10-Year Treasury Yield,index,4.29500008,0.0151264784938662,yfinance
2026-01-21,^TNX,US 10-Year Treasury Yield,index,4.25299978,-0.00977888078827,yfinance
2026-01-22,^TNX,US 10-Year Treasury Yield,index,4.24900007,-0.0009404444597921,yfinance
2026-01-23,^TNX,US 10-Year Treasury Yield,index,4.23899984,-0.0023535487670633,yfinance
2026-01-26,^TNX,US 10-Year Treasury Yield,index,4.21299982,-0.0061335276828221,yfinance
2026-01-27,^TNX,US 10-Year Treasury Yield,index,4.22300005,0.0023736599352981,yfinance
2026-01-28,^TNX,US 10-Year Treasury Yield,index,4.25099993,0.0066303285817861,yfinance
2026-01-29,^TNX,US 10-Year Treasury Yield,index,4.22700024,-0.0056456578260911,yfinance
2026-01-30,^TNX,US 10-Year Treasury Yield,index,4.24100018,0.0033120270124227,yfinance
2026-02-02,^TNX,US 10-Year Treasury Yield,index,4.2750001,0.0080169579072324,yfinance
2026-02-03,^TNX,US 10-Year Treasury Yield,index,4.27400017,-0.0002339011692269,yfinance
2026-02-04,^TNX,US 10-Year Treasury Yield,index,4.2750001,0.0002339558917836,yfinance
2026-02-05,^TNX,US 10-Year Treasury Yield,index,4.21000004,-0.0152046914082869,yfinance
2026-02-06,^TNX,US 10-Year Treasury Yield,index,4.20599985,-0.0009501631553254,yfinance
2026-02-09,^TNX,US 10-Year Treasury Yield,index,4.19799995,-0.0019020202772571,yfinance
2026-02-10,^TNX,US 10-Year Treasury Yield,index,4.14699984,-0.0121486705125625,yfinance
2026-02-11,^TNX,US 10-Year Treasury Yield,index,4.17199993,0.0060284775394972,yfinance
2026-02-12,^TNX,US 10-Year Treasury Yield,index,4.10400009,-0.0162990989697711,yfinance
2026-02-13,^TNX,US 10-Year Treasury Yield,index,4.05600023,-0.0116958717800711,yfinance
2026-02-17,^TNX,US 10-Year Treasury Yield,index,4.05200005,-0.0009862393221576,yfinance
2026-02-18,^TNX,US 10-Year Treasury Yield,index,4.079,0.0066633637966215,yfinance
2026-02-19,^TNX,US 10-Year Treasury Yield,index,4.07499981,-0.0009806783338826,yfinance
2026-02-20,^TNX,US 10-Year Treasury Yield,index,4.08599997,0.0026994250104201,yfinance
2026-02-23,^TNX,US 10-Year Treasury Yield,index,4.02899981,-0.0139501127499322,yfinance
2026-02-24,^TNX,US 10-Year Treasury Yield,index,4.03299999,0.0009928486257937,yfinance
2026-02-25,^TNX,US 10-Year Treasury Yield,index,4.04799986,0.0037192825474761,yfinance
2026-02-26,^TNX,US 10-Year Treasury Yield,index,4.0170002,-0.0076580191632473,yfinance
2026-02-27,^TNX,US 10-Year Treasury Yield,index,3.96199989,-0.0136918851032611,yfinance
2026-03-02,^TNX,US 10-Year Treasury Yield,index,4.04799986,0.021706200905148,yfinance
2026-03-03,^TNX,US 10-Year Treasury Yield,index,4.05600023,0.0019763770057523,yfinance
2026-03-04,^TNX,US 10-Year Treasury Yield,index,4.07999992,0.0059170832427606,yfinance
2026-03-05,^TNX,US 10-Year Treasury Yield,index,4.14599991,0.0161764671508277,yfinance
2026-03-06,^TNX,US 10-Year Treasury Yield,index,4.1329999,-0.0031355551691173,yfinance
2026-03-09,^TNX,US 10-Year Treasury Yield,index,4.13600016,0.0007259277701867,yfinance
2026-03-10,^TNX,US 10-Year Treasury Yield,index,4.13600016,0.0,yfinance
2026-03-11,^TNX,US 10-Year Treasury Yield,index,4.20800018,0.0174081295890242,yfinance
2026-03-12,^TNX,US 10-Year Treasury Yield,index,4.27299976,0.0154466676698981,yfinance
2026-03-13,^TNX,US 10-Year Treasury Yield,index,4.28499985,0.0028083511789249,yfinance
2026-03-16,^TNX,US 10-Year Treasury Yield,index,4.21999979,-0.0151692087596491,yfinance
2026-03-17,^TNX,US 10-Year Treasury Yield,index,4.20200014,-0.0042653198916472,yfinance
2026-03-18,^TNX,US 10-Year Treasury Yield,index,4.25899982,0.0135648932569076,yfinance
2026-03-19,^TNX,US 10-Year Treasury Yield,index,4.28100014,0.0051656054734952,yfinance
2026-03-20,^TNX,US 10-Year Treasury Yield,index,4.39099979,0.0256948500697489,yfinance
2026-03-23,^TNX,US 10-Year Treasury Yield,index,4.33400011,-0.0129810262022628,yfinance
2026-03-24,^TNX,US 10-Year Treasury Yield,index,4.3920002,0.0133825764322965,yfinance
2026-03-25,^TNX,US 10-Year Treasury Yield,index,4.32800007,-0.0145719778709352,yfinance
2026-03-26,^TNX,US 10-Year Treasury Yield,index,4.41599989,0.0203326754420274,yfinance
2026-03-27,^TNX,US 10-Year Treasury Yield,index,4.44000006,0.0054348207536034,yfinance
2026-03-30,^TNX,US 10-Year Treasury Yield,index,4.34200001,-0.0220720829567769,yfinance
2026-03-31,^TNX,US 10-Year Treasury Yield,index,4.31099987,-0.0071395986353364,yfinance
2026-04-01,^TNX,US 10-Year Treasury Yield,index,4.31899977,0.0018556940950722,yfinance
2026-04-02,^TNX,US 10-Year Treasury Yield,index,4.3130002,-0.0013891098512972,yfinance
2026-04-06,^TNX,US 10-Year Treasury Yield,index,4.33500004,0.0051008196004496,yfinance
2026-04-07,^TNX,US 10-Year Treasury Yield,index,4.34299994,0.0018454202843776,yfinance
2026-04-08,^TNX,US 10-Year Treasury Yield,index,4.29099989,-0.0119733010713409,yfinance
2026-04-09,^TNX,US 10-Year Treasury Yield,index,4.29300022,0.0004661691750715,yfinance
2026-04-10,^TNX,US 10-Year Treasury Yield,index,4.31699991,0.0055904238929946,yfinance
2026-04-13,^TNX,US 10-Year Treasury Yield,index,4.29699993,-0.0046328425603405,yfinance
2026-04-14,^TNX,US 10-Year Treasury Yield,index,4.25600004,-0.0095415150172081,yfinance
2026-04-15,^TNX,US 10-Year Treasury Yield,index,4.28200006,0.0061090278740221,yfinance
2026-04-16,^TNX,US 10-Year Treasury Yield,index,4.30900002,0.0063054530593245,yfinance
2026-04-17,^TNX,US 10-Year Treasury Yield,index,4.24599981,-0.0146206084836069,yfinance
2026-04-20,^TNX,US 10-Year Treasury Yield,index,4.25,0.0009421071823516,yfinance
2026-04-21,^TNX,US 10-Year Treasury Yield,index,4.29199982,0.0098823098575366,yfinance
2026-04-22,^TNX,US 10-Year Treasury Yield,index,4.29400015,0.0004660605694315,yfinance
2026-04-23,^TNX,US 10-Year Treasury Yield,index,4.32299995,0.0067535641466442,yfinance
2026-04-24,^TNX,US 10-Year Treasury Yield,index,4.30999994,-0.0030071736252021,yfinance
2026-04-27,^TNX,US 10-Year Treasury Yield,index,4.33599997,0.0060324879891799,yfinance
2026-04-28,^TNX,US 10-Year Treasury Yield,index,4.35400009,0.0041513205783059,yfinance
2026-04-29,^TNX,US 10-Year Treasury Yield,index,4.41800022,0.0146991567188696,yfinance
2026-04-30,^TNX,US 10-Year Treasury Yield,index,4.38999987,-0.0063377893536881,yfinance
2026-05-01,^TNX,US 10-Year Treasury Yield,index,4.37799978,-0.0027335043936906,yfinance
2026-05-04,^TNX,US 10-Year Treasury Yield,index,4.4460001,0.0155322795790719,yfinance
2026-05-05,^TNX,US 10-Year Treasury Yield,index,4.41599989,-0.0067476853664192,yfinance
2026-05-06,^TNX,US 10-Year Treasury Yield,index,4.35599995,-0.0135869439045772,yfinance
2026-05-07,^TNX,US 10-Year Treasury Yield,index,4.3920002,0.008264520709686,yfinance
2026-05-08,^TNX,US 10-Year Treasury Yield,index,4.36399984,-0.0063753081744564,yfinance
2026-05-11,^TNX,US 10-Year Treasury Yield,index,4.40999985,0.0105407895195472,yfinance
2026-05-12,^TNX,US 10-Year Treasury Yield,index,4.46299982,0.0120181349503267,yfinance
2026-05-13,^TNX,US 10-Year Treasury Yield,index,4.48099995,0.0040331899189163,yfinance
2026-05-14,^TNX,US 10-Year Treasury Yield,index,4.46099997,-0.0044632852409906,yfinance
2026-05-15,^TNX,US 10-Year Treasury Yield,index,4.59499979,0.0300380689431072,yfinance
2026-05-18,^TNX,US 10-Year Treasury Yield,index,4.62300014,0.0060936574636225,yfinance
2026-05-19,^TNX,US 10-Year Treasury Yield,index,4.66699982,0.0095175579832109,yfinance
2026-05-20,^TNX,US 10-Year Treasury Yield,index,4.57200003,-0.0203556447222799,yfinance
2026-05-21,^TNX,US 10-Year Treasury Yield,index,4.58599997,0.0030621038676896,yfinance
2026-05-22,^TNX,US 10-Year Treasury Yield,index,4.55800009,-0.006105512023398,yfinance
2026-05-26,^TNX,US 10-Year Treasury Yield,index,4.49300003,-0.0142606529112017,yfinance
2026-05-27,^TNX,US 10-Year Treasury Yield,index,4.48099995,-0.0026708399380886,yfinance
2026-05-28,^TNX,US 10-Year Treasury Yield,index,4.45499992,-0.0058022814545991,yfinance
2026-05-29,^TNX,US 10-Year Treasury Yield,index,4.45300007,-0.0004489012515718,yfinance
2026-06-01,^TNX,US 10-Year Treasury Yield,index,4.4749999,0.0049404526451344,yfinance
2026-06-02,^TNX,US 10-Year Treasury Yield,index,4.45499992,-0.0044692695760304,yfinance
2026-06-03,^TNX,US 10-Year Treasury Yield,index,4.49100018,0.0080808647332302,yfinance
2026-06-04,^TNX,US 10-Year Treasury Yield,index,4.47700024,-0.0031173320903642,yfinance
2026-06-05,^TNX,US 10-Year Treasury Yield,index,4.53599977,0.0131783639278084,yfinance
2026-06-08,^TNX,US 10-Year Treasury Yield,index,4.55200005,0.00352739674546,yfinance
2026-06-09,^TNX,US 10-Year Treasury Yield,index,4.52799988,-0.0052724445530152,yfinance
2026-06-10,^TNX,US 10-Year Treasury Yield,index,4.54199982,0.003091859395377,yfinance
2026-06-11,^TNX,US 10-Year Treasury Yield,index,4.46299982,-0.0173932187076389,yfinance
2025-01-02,^TYX,US 30-Year Treasury Yield,index,4.79799986,,yfinance
2025-01-03,^TYX,US 30-Year Treasury Yield,index,4.81400013,0.0033347793485178,yfinance
2025-01-06,^TYX,US 30-Year Treasury Yield,index,4.83799982,0.0049853947575648,yfinance
2025-01-07,^TYX,US 30-Year Treasury Yield,index,4.90999985,0.0148821887910541,yfinance
2025-01-08,^TYX,US 30-Year Treasury Yield,index,4.93200016,0.0044807155781829,yfinance
2025-01-10,^TYX,US 30-Year Treasury Yield,index,4.96500015,0.0066909958026342,yfinance
2025-01-13,^TYX,US 30-Year Treasury Yield,index,4.98600006,0.0042295886811443,yfinance
2025-01-14,^TYX,US 30-Year Treasury Yield,index,4.98400021,-0.0004010940667916,yfinance
2025-01-15,^TYX,US 30-Year Treasury Yield,index,4.87900019,-0.0210674186865432,yfinance
2025-01-16,^TYX,US 30-Year Treasury Yield,index,4.84399986,-0.0071736673310851,yfinance
2025-01-17,^TYX,US 30-Year Treasury Yield,index,4.84499979,0.0002064260010528,yfinance
2025-01-21,^TYX,US 30-Year Treasury Yield,index,4.80200005,-0.0088750766310317,yfinance
2025-01-22,^TYX,US 30-Year Treasury Yield,index,4.81400013,0.0024989762201053,yfinance
2025-01-23,^TYX,US 30-Year Treasury Yield,index,4.86899996,0.0114249744197771,yfinance
2025-01-24,^TYX,US 30-Year Treasury Yield,index,4.84800005,-0.0043129818501222,yfinance
2025-01-27,^TYX,US 30-Year Treasury Yield,index,4.76999998,-0.0160891229097924,yfinance
2025-01-28,^TYX,US 30-Year Treasury Yield,index,4.78999996,0.0041928681355316,yfinance
2025-01-29,^TYX,US 30-Year Treasury Yield,index,4.78999996,0.0,yfinance
2025-01-30,^TYX,US 30-Year Treasury Yield,index,4.7579999,-0.0066805981429431,yfinance
2025-01-31,^TYX,US 30-Year Treasury Yield,index,4.8130002,0.0115595431623323,yfinance
2025-02-03,^TYX,US 30-Year Treasury Yield,index,4.77099991,-0.0087264267540805,yfinance
2025-02-04,^TYX,US 30-Year Treasury Yield,index,4.74800014,-0.0048207428065649,yfinance
2025-02-05,^TYX,US 30-Year Treasury Yield,index,4.6420002,-0.0223251776238445,yfinance
2025-02-06,^TYX,US 30-Year Treasury Yield,index,4.6500001,0.0017233728266519,yfinance
2025-02-07,^TYX,US 30-Year Treasury Yield,index,4.69000006,0.0086021421575619,yfinance
2025-02-10,^TYX,US 30-Year Treasury Yield,index,4.71099997,0.0044775923648305,yfinance
2025-02-11,^TYX,US 30-Year Treasury Yield,index,4.75,0.0082785044823807,yfinance
2025-02-12,^TYX,US 30-Year Treasury Yield,index,4.83500004,0.0178947448730468,yfinance
2025-02-13,^TYX,US 30-Year Treasury Yield,index,4.73199987,-0.021303032723751,yfinance
2025-02-14,^TYX,US 30-Year Treasury Yield,index,4.69299984,-0.0082417657163545,yfinance
2025-02-18,^TYX,US 30-Year Treasury Yield,index,4.76200008,0.0147028012990129,yfinance
2025-02-19,^TYX,US 30-Year Treasury Yield,index,4.76499987,0.0006299417281372,yfinance
2025-02-20,^TYX,US 30-Year Treasury Yield,index,4.73799992,-0.0056663066454289,yfinance
2025-02-21,^TYX,US 30-Year Treasury Yield,index,4.66900015,-0.014563057941251,yfinance
2025-02-24,^TYX,US 30-Year Treasury Yield,index,4.64799976,-0.0044978335008067,yfinance
2025-02-25,^TYX,US 30-Year Treasury Yield,index,4.55700016,-0.0195782288945687,yfinance
2025-02-26,^TYX,US 30-Year Treasury Yield,index,4.50699997,-0.0109721722573912,yfinance
2025-02-27,^TYX,US 30-Year Treasury Yield,index,4.5539999,0.0104282076001094,yfinance
2025-02-28,^TYX,US 30-Year Treasury Yield,index,4.51599979,-0.0083443363283118,yfinance
2025-03-03,^TYX,US 30-Year Treasury Yield,index,4.46400023,-0.0115145197766003,yfinance
2025-03-04,^TYX,US 30-Year Treasury Yield,index,4.5170002,0.011872753276199,yfinance
2025-03-05,^TYX,US 30-Year Treasury Yield,index,4.55700016,0.0088554261891582,yfinance
2025-03-06,^TYX,US 30-Year Treasury Yield,index,4.57999992,0.0050471280842949,yfinance
2025-03-07,^TYX,US 30-Year Treasury Yield,index,4.61600018,0.0078603171112912,yfinance
2025-03-10,^TYX,US 30-Year Treasury Yield,index,4.53900003,-0.016681139128392,yfinance
2025-03-11,^TYX,US 30-Year Treasury Yield,index,4.60300016,0.0141000504991453,yfinance
2025-03-12,^TYX,US 30-Year Treasury Yield,index,4.6329999,0.0065174303502333,yfinance
2025-03-13,^TYX,US 30-Year Treasury Yield,index,4.59700012,-0.0077702947837636,yfinance
2025-03-14,^TYX,US 30-Year Treasury Yield,index,4.61499977,0.0039155206808532,yfinance
2025-03-17,^TYX,US 30-Year Treasury Yield,index,4.59899998,-0.0034669111158961,yfinance
2025-03-18,^TYX,US 30-Year Treasury Yield,index,4.579,-0.0043487673463903,yfinance
2025-03-19,^TYX,US 30-Year Treasury Yield,index,4.56799984,-0.0024023053967573,yfinance
2025-03-20,^TYX,US 30-Year Treasury Yield,index,4.55700016,-0.0024079859788158,yfinance
2025-03-21,^TYX,US 30-Year Treasury Yield,index,4.59600019,0.0085582692475516,yfinance
2025-03-24,^TYX,US 30-Year Treasury Yield,index,4.65500021,0.0128372525590312,yfinance
2025-03-25,^TYX,US 30-Year Treasury Yield,index,4.65600014,0.000214807191339,yfinance
2025-03-26,^TYX,US 30-Year Treasury Yield,index,4.68300009,0.0057989582501223,yfinance
2025-03-27,^TYX,US 30-Year Treasury Yield,index,4.72800016,0.0096092409675099,yfinance
2025-03-28,^TYX,US 30-Year Treasury Yield,index,4.6329999,-0.020093118386822,yfinance
2025-03-31,^TYX,US 30-Year Treasury Yield,index,4.61299992,-0.0043168533069578,yfinance
2025-04-01,^TYX,US 30-Year Treasury Yield,index,4.51599979,-0.0210275577357501,yfinance
2025-04-02,^TYX,US 30-Year Treasury Yield,index,4.55299997,0.0081931313061347,yfinance
2025-04-03,^TYX,US 30-Year Treasury Yield,index,4.48500013,-0.0149351724536628,yfinance
2025-04-04,^TYX,US 30-Year Treasury Yield,index,4.38800001,-0.0216276742882288,yfinance
2025-04-07,^TYX,US 30-Year Treasury Yield,index,4.59299994,0.0467183051894726,yfinance
2025-04-08,^TYX,US 30-Year Treasury Yield,index,4.71500015,0.026562207524559,yfinance
2025-04-09,^TYX,US 30-Year Treasury Yield,index,4.79300022,0.0165429620658101,yfinance
2025-04-10,^TYX,US 30-Year Treasury Yield,index,4.84899998,0.0116836539274647,yfinance
2025-04-11,^TYX,US 30-Year Treasury Yield,index,4.87699986,0.0057743613243663,yfinance
2025-04-14,^TYX,US 30-Year Treasury Yield,index,4.79799986,-0.0161984823730593,yfinance
2025-04-15,^TYX,US 30-Year Treasury Yield,index,4.77600002,-0.0045852097989144,yfinance
2025-04-16,^TYX,US 30-Year Treasury Yield,index,4.74700022,-0.0060719860367384,yfinance
2025-04-17,^TYX,US 30-Year Treasury Yield,index,4.80900002,0.0130608373669951,yfinance
2025-04-21,^TYX,US 30-Year Treasury Yield,index,4.91099977,0.0212101807757185,yfinance
2025-04-22,^TYX,US 30-Year Treasury Yield,index,4.87900019,-0.0065159009324394,yfinance
2025-04-23,^TYX,US 30-Year Treasury Yield,index,4.83300018,-0.0094281619291625,yfinance
2025-04-24,^TYX,US 30-Year Treasury Yield,index,4.76499987,-0.0140700008366602,yfinance
2025-04-25,^TYX,US 30-Year Treasury Yield,index,4.73799992,-0.0056663066454289,yfinance
2025-04-28,^TYX,US 30-Year Treasury Yield,index,4.69399977,-0.0092866503910004,yfinance
2025-04-29,^TYX,US 30-Year Treasury Yield,index,4.64799976,-0.0097997456529749,yfinance
2025-04-30,^TYX,US 30-Year Treasury Yield,index,4.68100023,0.0070999291925508,yfinance
2025-05-01,^TYX,US 30-Year Treasury Yield,index,4.73699999,0.011963202964234,yfinance
2025-05-02,^TYX,US 30-Year Treasury Yield,index,4.79500008,0.0122440548613382,yfinance
2025-05-05,^TYX,US 30-Year Treasury Yield,index,4.82999992,0.0072992381345613,yfinance
2025-05-06,^TYX,US 30-Year Treasury Yield,index,4.8130002,-0.0035196111378105,yfinance
2025-05-07,^TYX,US 30-Year Treasury Yield,index,4.77299976,-0.0083109156471833,yfinance
2025-05-08,^TYX,US 30-Year Treasury Yield,index,4.83599997,0.0131992887703196,yfinance
2025-05-09,^TYX,US 30-Year Treasury Yield,index,4.83300018,-0.000620302436632,yfinance
2025-05-12,^TYX,US 30-Year Treasury Yield,index,4.88800001,0.0113800592292307,yfinance
2025-05-13,^TYX,US 30-Year Treasury Yield,index,4.94299984,0.0112520106812303,yfinance
2025-05-14,^TYX,US 30-Year Treasury Yield,index,4.96700001,0.0048553851152328,yfinance
2025-05-15,^TYX,US 30-Year Treasury Yield,index,4.91800022,-0.0098650667005614,yfinance
2025-05-16,^TYX,US 30-Year Treasury Yield,index,4.89900017,-0.003863369774498,yfinance
2025-05-19,^TYX,US 30-Year Treasury Yield,index,4.94000006,0.0083690320410421,yfinance
2025-05-20,^TYX,US 30-Year Treasury Yield,index,4.96700001,0.0054655769425491,yfinance
2025-05-21,^TYX,US 30-Year Treasury Yield,index,5.09000015,0.0247634678416681,yfinance
2025-05-22,^TYX,US 30-Year Treasury Yield,index,5.06500006,-0.0049116099445931,yfinance
2025-05-23,^TYX,US 30-Year Treasury Yield,index,5.03100014,-0.0067127185601683,yfinance
2025-05-27,^TYX,US 30-Year Treasury Yield,index,4.94000006,-0.0180878707264264,yfinance
2025-05-28,^TYX,US 30-Year Treasury Yield,index,4.9749999,0.0070849892726119,yfinance
2025-05-29,^TYX,US 30-Year Treasury Yield,index,4.92299986,-0.0104522707081755,yfinance
2025-05-30,^TYX,US 30-Year Treasury Yield,index,4.9289999,0.0012187776018064,yfinance
2025-06-02,^TYX,US 30-Year Treasury Yield,index,4.99499989,0.0133901371615485,yfinance
2025-06-03,^TYX,US 30-Year Treasury Yield,index,4.9829998,-0.0024024192589139,yfinance
2025-06-04,^TYX,US 30-Year Treasury Yield,index,4.88700008,-0.019265446826004,yfinance
2025-06-05,^TYX,US 30-Year Treasury Yield,index,4.88399982,-0.0006139266109865,yfinance
2025-06-06,^TYX,US 30-Year Treasury Yield,index,4.96299982,0.0161752659753633,yfinance
2025-06-09,^TYX,US 30-Year Treasury Yield,index,4.954,-0.0018133840114947,yfinance
2025-06-10,^TYX,US 30-Year Treasury Yield,index,4.94000006,-0.0028259868743689,yfinance
2025-06-11,^TYX,US 30-Year Treasury Yield,index,4.90799999,-0.0064777458459907,yfinance
2025-06-12,^TYX,US 30-Year Treasury Yield,index,4.84200001,-0.0134474296747771,yfinance
2025-06-13,^TYX,US 30-Year Treasury Yield,index,4.91499996,0.0150764052268914,yfinance
2025-06-16,^TYX,US 30-Year Treasury Yield,index,4.954,0.0079349002309192,yfinance
2025-06-17,^TYX,US 30-Year Treasury Yield,index,4.89300013,-0.0123132560248817,yfinance
2025-06-18,^TYX,US 30-Year Treasury Yield,index,4.89499998,0.0004087175536588,yfinance
2025-06-20,^TYX,US 30-Year Treasury Yield,index,4.88899994,-0.0012257491287127,yfinance
2025-06-23,^TYX,US 30-Year Treasury Yield,index,4.85699987,-0.006545319134659,yfinance
2025-06-24,^TYX,US 30-Year Treasury Yield,index,4.829,-0.0057648504540653,yfinance
2025-06-25,^TYX,US 30-Year Treasury Yield,index,4.84200001,0.0026920711232887,yfinance
2025-06-26,^TYX,US 30-Year Treasury Yield,index,4.81599998,-0.0053696866681569,yfinance
2025-06-27,^TYX,US 30-Year Treasury Yield,index,4.84499979,0.0060215543069603,yfinance
2025-06-30,^TYX,US 30-Year Treasury Yield,index,4.77899981,-0.0136222884621837,yfinance
2025-07-01,^TYX,US 30-Year Treasury Yield,index,4.77899981,0.0,yfinance
2025-07-02,^TYX,US 30-Year Treasury Yield,index,4.82299995,0.0092069785654751,yfinance
2025-07-03,^TYX,US 30-Year Treasury Yield,index,4.86199999,0.0080862605644691,yfinance
2025-07-07,^TYX,US 30-Year Treasury Yield,index,4.93100023,0.0141917409097154,yfinance
2025-07-08,^TYX,US 30-Year Treasury Yield,index,4.94399977,0.0026362875671219,yfinance
2025-07-09,^TYX,US 30-Year Treasury Yield,index,4.87599993,-0.0137540135483871,yfinance
2025-07-10,^TYX,US 30-Year Treasury Yield,index,4.86100006,-0.0030762647064317,yfinance
2025-07-11,^TYX,US 30-Year Treasury Yield,index,4.95699978,0.0197489645149189,yfinance
2025-07-14,^TYX,US 30-Year Treasury Yield,index,4.97300005,0.0032278135076997,yfinance
2025-07-15,^TYX,US 30-Year Treasury Yield,index,5.01800013,0.0090488791162681,yfinance
2025-07-16,^TYX,US 30-Year Treasury Yield,index,5.01399994,-0.0007971675607442,yfinance
2025-07-17,^TYX,US 30-Year Treasury Yield,index,5.01399994,0.0,yfinance
2025-07-18,^TYX,US 30-Year Treasury Yield,index,5.00099993,-0.002592742641073,yfinance
2025-07-21,^TYX,US 30-Year Treasury Yield,index,4.9369998,-0.0127974666321251,yfinance
2025-07-22,^TYX,US 30-Year Treasury Yield,index,4.90199995,-0.0070892948846292,yfinance
2025-07-23,^TYX,US 30-Year Treasury Yield,index,4.94899988,0.0095879093861532,yfinance
2025-07-24,^TYX,US 30-Year Treasury Yield,index,4.94899988,0.0,yfinance
2025-07-25,^TYX,US 30-Year Treasury Yield,index,4.9289999,-0.0040412166911315,yfinance
2025-07-28,^TYX,US 30-Year Treasury Yield,index,4.96400023,0.007100897738598,yfinance
2025-07-29,^TYX,US 30-Year Treasury Yield,index,4.87099981,-0.0187349733623444,yfinance
2025-07-30,^TYX,US 30-Year Treasury Yield,index,4.91099977,0.0082118586302586,yfinance
2025-07-31,^TYX,US 30-Year Treasury Yield,index,4.88600016,-0.0050905354665008,yfinance
2025-08-01,^TYX,US 30-Year Treasury Yield,index,4.80700016,-0.0161686438101688,yfinance
2025-08-04,^TYX,US 30-Year Treasury Yield,index,4.79699993,-0.0020803471080774,yfinance
2025-08-05,^TYX,US 30-Year Treasury Yield,index,4.76900005,-0.0058369560830684,yfinance
2025-08-06,^TYX,US 30-Year Treasury Yield,index,4.81099987,0.0088068392585856,yfinance
2025-08-07,^TYX,US 30-Year Treasury Yield,index,4.81599998,0.0010393087873032,yfinance
2025-08-08,^TYX,US 30-Year Treasury Yield,index,4.85500002,0.0080980137989703,yfinance
2025-08-11,^TYX,US 30-Year Treasury Yield,index,4.84100008,-0.0028836125457967,yfinance
2025-08-12,^TYX,US 30-Year Treasury Yield,index,4.88500023,0.0090890617734107,yfinance
2025-08-13,^TYX,US 30-Year Treasury Yield,index,4.82800007,-0.011668404820184,yfinance
2025-08-14,^TYX,US 30-Year Treasury Yield,index,4.8829999,0.0113918449785432,yfinance
2025-08-15,^TYX,US 30-Year Treasury Yield,index,4.92600012,0.0088061073437317,yfinance
2025-08-18,^TYX,US 30-Year Treasury Yield,index,4.94199991,0.003248029561967,yfinance
2025-08-19,^TYX,US 30-Year Treasury Yield,index,4.90199995,-0.0080938815384798,yfinance
2025-08-20,^TYX,US 30-Year Treasury Yield,index,4.90399981,0.0004079671688566,yfinance
2025-08-21,^TYX,US 30-Year Treasury Yield,index,4.92399979,0.004078299698194,yfinance
2025-08-22,^TYX,US 30-Year Treasury Yield,index,4.88399982,-0.0081234694533687,yfinance
2025-08-25,^TYX,US 30-Year Treasury Yield,index,4.88800001,0.0008190391203701,yfinance
2025-08-26,^TYX,US 30-Year Treasury Yield,index,4.90899992,0.0042962169390547,yfinance
2025-08-27,^TYX,US 30-Year Treasury Yield,index,4.91300011,0.0008148679945902,yfinance
2025-08-28,^TYX,US 30-Year Treasury Yield,index,4.87400007,-0.0079381301616917,yfinance
2025-08-29,^TYX,US 30-Year Treasury Yield,index,4.91699982,0.0088222699581148,yfinance
2025-09-02,^TYX,US 30-Year Treasury Yield,index,4.97100019,0.0109823834992808,yfinance
2025-09-03,^TYX,US 30-Year Treasury Yield,index,4.8920002,-0.0158921732233932,yfinance
2025-09-04,^TYX,US 30-Year Treasury Yield,index,4.87400007,-0.0036795022802796,yfinance
2025-09-05,^TYX,US 30-Year Treasury Yield,index,4.7750001,-0.020311853844815,yfinance
2025-09-08,^TYX,US 30-Year Treasury Yield,index,4.68900013,-0.0180104636544738,yfinance
2025-09-09,^TYX,US 30-Year Treasury Yield,index,4.71799994,0.0061846459049461,yfinance
2025-09-10,^TYX,US 30-Year Treasury Yield,index,4.67799997,-0.0084781607466797,yfinance
2025-09-11,^TYX,US 30-Year Treasury Yield,index,4.65100002,-0.0057716867385755,yfinance
2025-09-12,^TYX,US 30-Year Treasury Yield,index,4.6789999,0.0060201844317129,yfinance
2025-09-15,^TYX,US 30-Year Treasury Yield,index,4.65600014,-0.0049155298089981,yfinance
2025-09-16,^TYX,US 30-Year Treasury Yield,index,4.64599991,-0.002147815418144,yfinance
2025-09-17,^TYX,US 30-Year Treasury Yield,index,4.67500019,0.0062419894229592,yfinance
2025-09-18,^TYX,US 30-Year Treasury Yield,index,4.71999979,0.009625582378792,yfinance
2025-09-19,^TYX,US 30-Year Treasury Yield,index,4.75600004,0.0076271723242085,yfinance
2025-09-22,^TYX,US 30-Year Treasury Yield,index,4.76100016,0.0010513276696388,yfinance
2025-09-23,^TYX,US 30-Year Treasury Yield,index,4.73799992,-0.0048309681937306,yfinance
2025-09-24,^TYX,US 30-Year Treasury Yield,index,4.7579999,0.0042211864248142,yfinance
2025-09-25,^TYX,US 30-Year Treasury Yield,index,4.75199986,-0.0012610428943996,yfinance
2025-09-26,^TYX,US 30-Year Treasury Yield,index,4.76599979,0.0029461151918999,yfinance
2025-09-29,^TYX,US 30-Year Treasury Yield,index,4.704,-0.0130087705624777,yfinance
2025-09-30,^TYX,US 30-Year Treasury Yield,index,4.73199987,0.0059523550068865,yfinance
2025-10-01,^TYX,US 30-Year Treasury Yield,index,4.71500015,-0.0035925025315599,yfinance
2025-10-02,^TYX,US 30-Year Treasury Yield,index,4.69500017,-0.0042417773656987,yfinance
2025-10-03,^TYX,US 30-Year Treasury Yield,index,4.71400023,0.0040468695870223,yfinance
2025-10-06,^TYX,US 30-Year Treasury Yield,index,4.7579999,0.0093338289850015,yfinance
2025-10-07,^TYX,US 30-Year Treasury Yield,index,4.72599983,-0.0067255286974698,yfinance
2025-10-08,^TYX,US 30-Year Treasury Yield,index,4.72399998,-0.0004231602015509,yfinance
2025-10-09,^TYX,US 30-Year Treasury Yield,index,4.7329998,0.0019051279778854,yfinance
2025-10-10,^TYX,US 30-Year Treasury Yield,index,4.63399982,-0.0209169620242962,yfinance
2025-10-13,^TYX,US 30-Year Treasury Yield,index,4.63100004,-0.0006473419671663,yfinance
2025-10-14,^TYX,US 30-Year Treasury Yield,index,4.62300014,-0.0017274664069718,yfinance
2025-10-15,^TYX,US 30-Year Treasury Yield,index,4.63899994,0.0034609114221628,yfinance
2025-10-16,^TYX,US 30-Year Treasury Yield,index,4.58300018,-0.0120715146790605,yfinance
2025-10-17,^TYX,US 30-Year Treasury Yield,index,4.60300016,0.0043639494059459,yfinance
2025-10-20,^TYX,US 30-Year Treasury Yield,index,4.57600021,-0.005865728752285,yfinance
2025-10-21,^TYX,US 30-Year Treasury Yield,index,4.54799986,-0.0061189583609473,yfinance
2025-10-22,^TYX,US 30-Year Treasury Yield,index,4.53900003,-0.0019788532988629,yfinance
2025-10-23,^TYX,US 30-Year Treasury Yield,index,4.57299995,0.0074906189984991,yfinance
2025-10-24,^TYX,US 30-Year Treasury Yield,index,4.58500004,0.0026241163445139,yfinance
2025-10-27,^TYX,US 30-Year Treasury Yield,index,4.57000017,-0.0032715084756373,yfinance
2025-10-28,^TYX,US 30-Year Treasury Yield,index,4.54699993,-0.0050328751557937,yfinance
2025-10-29,^TYX,US 30-Year Treasury Yield,index,4.5999999,0.0116560312508193,yfinance
2025-10-30,^TYX,US 30-Year Treasury Yield,index,4.64699984,0.0102173765890987,yfinance
2025-10-31,^TYX,US 30-Year Treasury Yield,index,4.67000008,0.0049494816306867,yfinance
2025-11-03,^TYX,US 30-Year Treasury Yield,index,4.68900013,0.0040685338533954,yfinance
2025-11-04,^TYX,US 30-Year Treasury Yield,index,4.67000008,-0.0040520479590984,yfinance
2025-11-05,^TYX,US 30-Year Treasury Yield,index,4.73600006,0.0141327588143398,yfinance
2025-11-06,^TYX,US 30-Year Treasury Yield,index,4.6880002,-0.0101351052021966,yfinance
2025-11-07,^TYX,US 30-Year Treasury Yield,index,4.69999981,0.0025596430393932,yfinance
2025-11-10,^TYX,US 30-Year Treasury Yield,index,4.70200014,0.0004256025446467,yfinance
2025-11-11,^TYX,US 30-Year Treasury Yield,index,4.71000004,0.001701381702049,yfinance
2025-11-12,^TYX,US 30-Year Treasury Yield,index,4.66099977,-0.0104034528274418,yfinance
2025-11-13,^TYX,US 30-Year Treasury Yield,index,4.70200014,0.0087964746171926,yfinance
2025-11-14,^TYX,US 30-Year Treasury Yield,index,4.74700022,0.0095704115149173,yfinance
2025-11-17,^TYX,US 30-Year Treasury Yield,index,4.73600006,-0.0023172858434216,yfinance
2025-11-18,^TYX,US 30-Year Treasury Yield,index,4.74300003,0.0014780340777469,yfinance
2025-11-19,^TYX,US 30-Year Treasury Yield,index,4.75199986,0.0018974961977691,yfinance
2025-11-20,^TYX,US 30-Year Treasury Yield,index,4.73199987,-0.0042087503233602,yfinance
2025-11-21,^TYX,US 30-Year Treasury Yield,index,4.71500015,-0.0035925025315599,yfinance
2025-11-24,^TYX,US 30-Year Treasury Yield,index,4.67799997,-0.0078473336359201,yfinance
2025-11-25,^TYX,US 30-Year Treasury Yield,index,4.65799999,-0.0042753272853093,yfinance
2025-11-26,^TYX,US 30-Year Treasury Yield,index,4.64400005,-0.0030055686963877,yfinance
2025-11-28,^TYX,US 30-Year Treasury Yield,index,4.66499996,0.0045219440580894,yfinance
2025-12-01,^TYX,US 30-Year Treasury Yield,index,4.74399996,0.0169346188277186,yfinance
2025-12-02,^TYX,US 30-Year Treasury Yield,index,4.74100018,-0.0006323319116335,yfinance
2025-12-03,^TYX,US 30-Year Treasury Yield,index,4.7249999,-0.0033748724427961,yfinance
2025-12-04,^TYX,US 30-Year Treasury Yield,index,4.76499987,0.0084656005630412,yfinance
2025-12-05,^TYX,US 30-Year Treasury Yield,index,4.79199982,0.0056663066454289,yfinance
2025-12-08,^TYX,US 30-Year Treasury Yield,index,4.81599998,0.0050083824632183,yfinance
2025-12-09,^TYX,US 30-Year Treasury Yield,index,4.80900002,-0.0014534820399917,yfinance
2025-12-10,^TYX,US 30-Year Treasury Yield,index,4.79699993,-0.0024953387160041,yfinance
2025-12-11,^TYX,US 30-Year Treasury Yield,index,4.78999996,-0.0014592390207671,yfinance
2025-12-12,^TYX,US 30-Year Treasury Yield,index,4.8579998,0.0141962088359619,yfinance
2025-12-15,^TYX,US 30-Year Treasury Yield,index,4.85099983,-0.0014409159671157,yfinance
2025-12-16,^TYX,US 30-Year Treasury Yield,index,4.82399988,-0.0055658526784467,yfinance
2025-12-17,^TYX,US 30-Year Treasury Yield,index,4.82800007,0.0008292261646407,yfinance
2025-12-18,^TYX,US 30-Year Treasury Yield,index,4.79899979,-0.0060066863867338,yfinance
2025-12-19,^TYX,US 30-Year Treasury Yield,index,4.82800007,0.0060429847006706,yfinance
2025-12-22,^TYX,US 30-Year Treasury Yield,index,4.84200001,0.0028997387667222,yfinance
2025-12-23,^TYX,US 30-Year Treasury Yield,index,4.83099985,-0.0022718208147987,yfinance
2025-12-24,^TYX,US 30-Year Treasury Yield,index,4.79799986,-0.0068308825060768,yfinance
2025-12-26,^TYX,US 30-Year Treasury Yield,index,4.82000017,0.0045853091814014,yfinance
2025-12-29,^TYX,US 30-Year Treasury Yield,index,4.80499983,-0.0031121043129721,yfinance
2025-12-30,^TYX,US 30-Year Treasury Yield,index,4.8130002,0.0016650102239645,yfinance
2025-12-31,^TYX,US 30-Year Treasury Yield,index,4.84000015,0.0056097962341061,yfinance
2026-01-02,^TYX,US 30-Year Treasury Yield,index,4.86399984,0.004958613688615,yfinance
2026-01-05,^TYX,US 30-Year Treasury Yield,index,4.85400009,-0.0020558701410816,yfinance
2026-01-06,^TYX,US 30-Year Treasury Yield,index,4.86600018,0.0024722051291723,yfinance
2026-01-07,^TYX,US 30-Year Treasury Yield,index,4.81500006,-0.0104809117173173,yfinance
2026-01-08,^TYX,US 30-Year Treasury Yield,index,4.8579998,0.0089303725657909,yfinance
2026-01-09,^TYX,US 30-Year Treasury Yield,index,4.81899977,-0.0080280024546611,yfinance
2026-01-12,^TYX,US 30-Year Treasury Yield,index,4.84000015,0.0043578307322007,yfinance
2026-01-13,^TYX,US 30-Year Treasury Yield,index,4.82800007,-0.002479356104343,yfinance
2026-01-14,^TYX,US 30-Year Treasury Yield,index,4.79500008,-0.0068351267401148,yfinance
2026-01-15,^TYX,US 30-Year Treasury Yield,index,4.78700018,-0.0016683830815193,yfinance
2026-01-16,^TYX,US 30-Year Treasury Yield,index,4.84000015,0.0110716463990128,yfinance
2026-01-20,^TYX,US 30-Year Treasury Yield,index,4.92000008,0.0165289093355254,yfinance
2026-01-21,^TYX,US 30-Year Treasury Yield,index,4.87099981,-0.0099594029378595,yfinance
2026-01-22,^TYX,US 30-Year Treasury Yield,index,4.84700012,-0.004927056442309,yfinance
2026-01-23,^TYX,US 30-Year Treasury Yield,index,4.83300018,-0.0028883719026736,yfinance
2026-01-26,^TYX,US 30-Year Treasury Yield,index,4.80499983,-0.005793576185808,yfinance
2026-01-27,^TYX,US 30-Year Treasury Yield,index,4.83199978,0.0056191366021902,yfinance
2026-01-28,^TYX,US 30-Year Treasury Yield,index,4.86000013,0.0057947756723828,yfinance
2026-01-29,^TYX,US 30-Year Treasury Yield,index,4.85400009,-0.0012345765014065,yfinance
2026-01-30,^TYX,US 30-Year Treasury Yield,index,4.87200022,0.0037083076937585,yfinance
2026-02-02,^TYX,US 30-Year Treasury Yield,index,4.90899992,0.0075943556654995,yfinance
2026-02-03,^TYX,US 30-Year Treasury Yield,index,4.90600014,-0.000611078144471,yfinance
2026-02-04,^TYX,US 30-Year Treasury Yield,index,4.91499996,0.0018344525625768,yfinance
2026-02-05,^TYX,US 30-Year Treasury Yield,index,4.86199999,-0.0107833110291901,yfinance
2026-02-06,^TYX,US 30-Year Treasury Yield,index,4.85500002,-0.0014397304604891,yfinance
2026-02-09,^TYX,US 30-Year Treasury Yield,index,4.84800005,-0.0014418062728983,yfinance
2026-02-10,^TYX,US 30-Year Treasury Yield,index,4.78800011,-0.0123762256942637,yfinance
2026-02-11,^TYX,US 30-Year Treasury Yield,index,4.81400013,0.005430246931531,yfinance
2026-02-12,^TYX,US 30-Year Treasury Yield,index,4.73099995,-0.0172414168818575,yfinance
2026-02-13,^TYX,US 30-Year Treasury Yield,index,4.69799995,-0.00697526796515,yfinance
2026-02-17,^TYX,US 30-Year Treasury Yield,index,4.68300009,-0.003192819632131,yfinance
2026-02-18,^TYX,US 30-Year Treasury Yield,index,4.70599985,0.0049113309967667,yfinance
2026-02-19,^TYX,US 30-Year Treasury Yield,index,4.704,-0.0004249585857897,yfinance
2026-02-20,^TYX,US 30-Year Treasury Yield,index,4.7249999,0.0044642662551648,yfinance
2026-02-23,^TYX,US 30-Year Treasury Yield,index,4.6960001,-0.0061375250869332,yfinance
2026-02-24,^TYX,US 30-Year Treasury Yield,index,4.68900013,-0.0014906237935644,yfinance
2026-02-25,^TYX,US 30-Year Treasury Yield,index,4.69399977,0.0010662481265659,yfinance
2026-02-26,^TYX,US 30-Year Treasury Yield,index,4.66900015,-0.0053258670152501,yfinance
2026-02-27,^TYX,US 30-Year Treasury Yield,index,4.6329999,-0.0077104841771056,yfinance
2026-03-02,^TYX,US 30-Year Treasury Yield,index,4.69799995,0.0140297989780884,yfinance
2026-03-03,^TYX,US 30-Year Treasury Yield,index,4.70200014,0.0008514659342577,yfinance
2026-03-04,^TYX,US 30-Year Treasury Yield,index,4.71600008,0.002977443331475,yfinance
2026-03-05,^TYX,US 30-Year Treasury Yield,index,4.75199986,0.0076335399324318,yfinance
2026-03-06,^TYX,US 30-Year Treasury Yield,index,4.75500011,0.0006313677379916,yfinance
2026-03-09,^TYX,US 30-Year Treasury Yield,index,4.73999977,-0.0031546462590396,yfinance
2026-03-10,^TYX,US 30-Year Treasury Yield,index,4.77099991,0.0065401136763745,yfinance
2026-03-11,^TYX,US 30-Year Treasury Yield,index,4.85699987,0.0180255643089528,yfinance
2026-03-12,^TYX,US 30-Year Treasury Yield,index,4.88500023,0.0057649486293116,yfinance
2026-03-13,^TYX,US 30-Year Treasury Yield,index,4.90799999,0.0047082420493629,yfinance
2026-03-16,^TYX,US 30-Year Treasury Yield,index,4.85900021,-0.0099836565715408,yfinance
2026-03-17,^TYX,US 30-Year Treasury Yield,index,4.85200024,-0.0014406193014329,yfinance
2026-03-18,^TYX,US 30-Year Treasury Yield,index,4.88100004,0.0059768763472465,yfinance
2026-03-19,^TYX,US 30-Year Treasury Yield,index,4.85200024,-0.0059413655400797,yfinance
2026-03-20,^TYX,US 30-Year Treasury Yield,index,4.96000004,0.0222588203568179,yfinance
2026-03-23,^TYX,US 30-Year Treasury Yield,index,4.91200018,-0.0096773908239994,yfinance
2026-03-24,^TYX,US 30-Year Treasury Yield,index,4.94099998,0.0059038689722983,yfinance
2026-03-25,^TYX,US 30-Year Treasury Yield,index,4.89699984,-0.0089051100807679,yfinance
2026-03-26,^TYX,US 30-Year Treasury Yield,index,4.93599987,0.0079640669059908,yfinance
2026-03-27,^TYX,US 30-Year Treasury Yield,index,4.98199987,0.009319287889669,yfinance
2026-03-30,^TYX,US 30-Year Treasury Yield,index,4.90500021,-0.0154555733143849,yfinance
2026-03-31,^TYX,US 30-Year Treasury Yield,index,4.89099979,-0.0028543150261249,yfinance
2026-04-01,^TYX,US 30-Year Treasury Yield,index,4.9000001,0.0018401761889488,yfinance
2026-04-02,^TYX,US 30-Year Treasury Yield,index,4.88999987,-0.0020408629973885,yfinance
2026-04-06,^TYX,US 30-Year Treasury Yield,index,4.89099979,0.0002044841611561,yfinance
2026-04-07,^TYX,US 30-Year Treasury Yield,index,4.921,0.0061337581418656,yfinance
2026-04-08,^TYX,US 30-Year Treasury Yield,index,4.88700008,-0.0069091485196101,yfinance
2026-04-09,^TYX,US 30-Year Treasury Yield,index,4.89699984,0.0020461943672915,yfinance
2026-04-10,^TYX,US 30-Year Treasury Yield,index,4.91400003,0.0034715537949159,yfinance
2026-04-13,^TYX,US 30-Year Treasury Yield,index,4.9000001,-0.0028489904084313,yfinance
2026-04-14,^TYX,US 30-Year Treasury Yield,index,4.86800003,-0.006530625352458,yfinance
2026-04-15,^TYX,US 30-Year Treasury Yield,index,4.89099979,0.0047246843353705,yfinance
2026-04-16,^TYX,US 30-Year Treasury Yield,index,4.9289999,0.0077693944821037,yfinance
2026-04-17,^TYX,US 30-Year Treasury Yield,index,4.88500023,-0.0089266936135937,yfinance
2026-04-20,^TYX,US 30-Year Treasury Yield,index,4.88100004,-0.0008188713884833,yfinance
2026-04-21,^TYX,US 30-Year Treasury Yield,index,4.89799976,0.0034828357674563,yfinance
2026-04-22,^TYX,US 30-Year Treasury Yield,index,4.90199995,0.0008166980631534,yfinance
2026-04-23,^TYX,US 30-Year Treasury Yield,index,4.91800022,0.0032640291728625,yfinance
2026-04-24,^TYX,US 30-Year Treasury Yield,index,4.91599989,-0.0004067368419419,yfinance
2026-04-27,^TYX,US 30-Year Treasury Yield,index,4.94199991,0.0052888575006651,yfinance
2026-04-28,^TYX,US 30-Year Treasury Yield,index,4.94399977,0.0004046651309204,yfinance
2026-04-29,^TYX,US 30-Year Treasury Yield,index,4.98699999,0.008697456164302,yfinance
2026-04-30,^TYX,US 30-Year Treasury Yield,index,4.98699999,0.0,yfinance
2026-05-01,^TYX,US 30-Year Treasury Yield,index,4.96600008,-0.0042109301173963,yfinance
2026-05-04,^TYX,US 30-Year Treasury Yield,index,5.0250001,0.011880792248698,yfinance
2026-05-05,^TYX,US 30-Year Treasury Yield,index,4.98400021,-0.0081591818100814,yfinance
2026-05-06,^TYX,US 30-Year Treasury Yield,index,4.94299984,-0.0082263973748699,yfinance
2026-05-07,^TYX,US 30-Year Treasury Yield,index,4.96899986,0.0052599683857821,yfinance
2026-05-08,^TYX,US 30-Year Treasury Yield,index,4.94700003,-0.0044274173024815,yfinance
2026-05-11,^TYX,US 30-Year Treasury Yield,index,4.98600006,0.0078835726949184,yfinance
2026-05-12,^TYX,US 30-Year Treasury Yield,index,5.03100014,0.0090252859492749,yfinance
2026-05-13,^TYX,US 30-Year Treasury Yield,index,5.04699993,0.0031802412183676,yfinance
2026-05-14,^TYX,US 30-Year Treasury Yield,index,5.01200008,-0.006934782621019,yfinance
2026-05-15,^TYX,US 30-Year Treasury Yield,index,5.12799978,0.0231443927966004,yfinance
2026-05-18,^TYX,US 30-Year Treasury Yield,index,5.14699984,0.0037051587775747,yfinance
2026-05-19,^TYX,US 30-Year Treasury Yield,index,5.18100023,0.0066058670705437,yfinance
2026-05-20,^TYX,US 30-Year Treasury Yield,index,5.11600018,-0.0125458510521294,yfinance
2026-05-21,^TYX,US 30-Year Treasury Yield,index,5.11199999,-0.0007818973383427,yfinance
2026-05-22,^TYX,US 30-Year Treasury Yield,index,5.06400013,-0.0093896437722333,yfinance
2026-05-26,^TYX,US 30-Year Treasury Yield,index,5.02600002,-0.0075039703472078,yfinance
2026-05-27,^TYX,US 30-Year Treasury Yield,index,5.01100016,-0.0029844541220228,yfinance
2026-05-28,^TYX,US 30-Year Treasury Yield,index,4.98500013,-0.0051885895183945,yfinance
2026-05-29,^TYX,US 30-Year Treasury Yield,index,4.99300003,0.0016047937389991,yfinance
2026-06-01,^TYX,US 30-Year Treasury Yield,index,4.99100018,-0.0004005317503065,yfinance
2026-06-02,^TYX,US 30-Year Treasury Yield,index,4.96700001,-0.0048086890408475,yfinance
2026-06-03,^TYX,US 30-Year Treasury Yield,index,4.98999977,0.0046305140836402,yfinance
2026-06-04,^TYX,US 30-Year Treasury Yield,index,4.97800016,-0.0024047309892947,yfinance
2026-06-05,^TYX,US 30-Year Treasury Yield,index,4.99900007,0.0042185431408778,yfinance
2026-06-08,^TYX,US 30-Year Treasury Yield,index,5.02400017,0.0050010192048333,yfinance
2026-06-09,^TYX,US 30-Year Treasury Yield,index,5.01100016,-0.0025875818092704,yfinance
2026-06-10,^TYX,US 30-Year Treasury Yield,index,5.0250001,0.0027938412548154,yfinance
2026-06-11,^TYX,US 30-Year Treasury Yield,index,4.95100021,-0.0147263443462629,yfinance
2025-01-02,DX-Y.NYB,US Dollar Index,index,109.38999939,,yfinance
2025-01-03,DX-Y.NYB,US Dollar Index,index,108.94999695,-0.0040223278531974,yfinance
2025-01-06,DX-Y.NYB,US Dollar Index,index,108.26000214,-0.0063331329172914,yfinance
2025-01-07,DX-Y.NYB,US Dollar Index,index,108.54000092,0.0025863548288547,yfinance
2025-01-08,DX-Y.NYB,US Dollar Index,index,109.08999634,0.0050672140936438,yfinance
2025-01-09,DX-Y.NYB,US Dollar Index,index,109.18000031,0.0008250432698373,yfinance
2025-01-10,DX-Y.NYB,US Dollar Index,index,109.65000153,0.0043048289008005,yfinance
2025-01-13,DX-Y.NYB,US Dollar Index,index,109.95999908,0.0028271550777916,yfinance
2025-01-14,DX-Y.NYB,US Dollar Index,index,109.26999664,-0.0062750313491379,yfinance
2025-01-15,DX-Y.NYB,US Dollar Index,index,109.08999634,-0.0016472985330434,yfinance
2025-01-16,DX-Y.NYB,US Dollar Index,index,108.95999908,-0.0011916514600964,yfinance
2025-01-17,DX-Y.NYB,US Dollar Index,index,109.34999847,0.0035792895826485,yfinance
2025-01-21,DX-Y.NYB,US Dollar Index,index,108.05999756,-0.0117969907044179,yfinance
2025-01-22,DX-Y.NYB,US Dollar Index,index,108.16999817,0.0010179586603442,yfinance
2025-01-23,DX-Y.NYB,US Dollar Index,index,108.05000305,-0.0011093197672067,yfinance
2025-01-24,DX-Y.NYB,US Dollar Index,index,107.44000244,-0.005645539964116,yfinance
2025-01-27,DX-Y.NYB,US Dollar Index,index,107.33999634,-0.0009308088350998,yfinance
2025-01-28,DX-Y.NYB,US Dollar Index,index,107.87000275,0.0049376413897299,yfinance
2025-01-29,DX-Y.NYB,US Dollar Index,index,108.0,0.0012051288598124,yfinance
2025-01-30,DX-Y.NYB,US Dollar Index,index,107.80000305,-0.0018518235948351,yfinance
2025-01-31,DX-Y.NYB,US Dollar Index,index,108.37000275,0.0052875665926519,yfinance
2025-02-03,DX-Y.NYB,US Dollar Index,index,108.98999786,0.0057210953351851,yfinance
2025-02-04,DX-Y.NYB,US Dollar Index,index,107.95999908,-0.00945039727943,yfinance
2025-02-05,DX-Y.NYB,US Dollar Index,index,107.58000183,-0.0035197967454654,yfinance
2025-02-06,DX-Y.NYB,US Dollar Index,index,107.69000244,0.0010225005435891,yfinance
2025-02-07,DX-Y.NYB,US Dollar Index,index,108.04000092,0.0032500554014895,yfinance
2025-02-10,DX-Y.NYB,US Dollar Index,index,108.31999969,0.0025916214080357,yfinance
2025-02-11,DX-Y.NYB,US Dollar Index,index,107.95999908,-0.003323491611575,yfinance
2025-02-12,DX-Y.NYB,US Dollar Index,index,107.94000244,-0.0001852227050388,yfinance
2025-02-13,DX-Y.NYB,US Dollar Index,index,107.30999756,-0.0058366209798305,yfinance
2025-02-14,DX-Y.NYB,US Dollar Index,index,106.56999969,-0.0068958892983432,yfinance
2025-02-18,DX-Y.NYB,US Dollar Index,index,107.05000305,0.0045041133368501,yfinance
2025-02-19,DX-Y.NYB,US Dollar Index,index,107.16999817,0.0011209258642386,yfinance
2025-02-20,DX-Y.NYB,US Dollar Index,index,106.33999634,-0.0077447218926538,yfinance
2025-02-21,DX-Y.NYB,US Dollar Index,index,106.61000061,0.0025390660312138,yfinance
2025-02-24,DX-Y.NYB,US Dollar Index,index,106.59999847,-9.381986842893486e-05,yfinance
2025-02-25,DX-Y.NYB,US Dollar Index,index,106.30999756,-0.0027204589088032,yfinance
2025-02-26,DX-Y.NYB,US Dollar Index,index,106.41999817,0.0010347155759355,yfinance
2025-02-27,DX-Y.NYB,US Dollar Index,index,107.23999786,0.0077053158140674,yfinance
2025-02-28,DX-Y.NYB,US Dollar Index,index,107.61000061,0.0034502308276065,yfinance
2025-03-03,DX-Y.NYB,US Dollar Index,index,106.75,-0.0079918279479019,yfinance
2025-03-04,DX-Y.NYB,US Dollar Index,index,105.73999786,-0.0094613783253441,yfinance
2025-03-05,DX-Y.NYB,US Dollar Index,index,105.73999786,0.0,yfinance
2025-03-06,DX-Y.NYB,US Dollar Index,index,104.05999756,-0.0158880304436944,yfinance
2025-03-07,DX-Y.NYB,US Dollar Index,index,103.83999634,-0.0021141766852268,yfinance
2025-03-10,DX-Y.NYB,US Dollar Index,index,103.91000366,0.0006741845790416,yfinance
2025-03-11,DX-Y.NYB,US Dollar Index,index,103.44000244,-0.0045231566176388,yfinance
2025-03-12,DX-Y.NYB,US Dollar Index,index,103.61000061,0.001643447070118,yfinance
2025-03-13,DX-Y.NYB,US Dollar Index,index,103.83000183,0.0021233589364648,yfinance
2025-03-14,DX-Y.NYB,US Dollar Index,index,103.72000122,-0.0010594299182478,yfinance
2025-03-17,DX-Y.NYB,US Dollar Index,index,103.37000275,-0.0033744549749505,yfinance
2025-03-18,DX-Y.NYB,US Dollar Index,index,103.23999786,-0.0012576654673333,yfinance
2025-03-19,DX-Y.NYB,US Dollar Index,index,103.43000031,0.0018403956348098,yfinance
2025-03-20,DX-Y.NYB,US Dollar Index,index,103.84999847,0.0040606996781018,yfinance
2025-03-21,DX-Y.NYB,US Dollar Index,index,104.08999634,0.0023110049811829,yfinance
2025-03-24,DX-Y.NYB,US Dollar Index,index,104.26000214,0.0016332577992221,yfinance
2025-03-25,DX-Y.NYB,US Dollar Index,index,104.18000031,-0.0007673300346777,yfinance
2025-03-26,DX-Y.NYB,US Dollar Index,index,104.55000305,0.0035515717555976,yfinance
2025-03-27,DX-Y.NYB,US Dollar Index,index,104.06999969,-0.0045911367089673,yfinance
2025-03-28,DX-Y.NYB,US Dollar Index,index,104.04000092,-0.0002882557834615,yfinance
2025-03-31,DX-Y.NYB,US Dollar Index,index,104.20999908,0.0016339693142,yfinance
2025-04-01,DX-Y.NYB,US Dollar Index,index,104.26000214,0.0004798296919406,yfinance
2025-04-02,DX-Y.NYB,US Dollar Index,index,103.80999756,-0.004316176562597,yfinance
2025-04-03,DX-Y.NYB,US Dollar Index,index,102.06999969,-0.0167613708187155,yfinance
2025-04-04,DX-Y.NYB,US Dollar Index,index,103.01999664,0.0093073082304551,yfinance
2025-04-07,DX-Y.NYB,US Dollar Index,index,103.26000214,0.0023296981264291,yfinance
2025-04-08,DX-Y.NYB,US Dollar Index,index,102.95999908,-0.0029053171174839,yfinance
2025-04-09,DX-Y.NYB,US Dollar Index,index,102.90000153,-0.0005827268757503,yfinance
2025-04-10,DX-Y.NYB,US Dollar Index,index,100.87000275,-0.0197278790009184,yfinance
2025-04-11,DX-Y.NYB,US Dollar Index,index,99.77999878,-0.0108060269416628,yfinance
2025-04-14,DX-Y.NYB,US Dollar Index,index,99.63999939,-0.0014030806911322,yfinance
2025-04-15,DX-Y.NYB,US Dollar Index,index,100.22000122,0.0058209738519423,yfinance
2025-04-16,DX-Y.NYB,US Dollar Index,index,99.37999725,-0.0083816000504263,yfinance
2025-04-17,DX-Y.NYB,US Dollar Index,index,99.37999725,0.0,yfinance
2025-04-21,DX-Y.NYB,US Dollar Index,index,98.27999878,-0.0110686104298844,yfinance
2025-04-22,DX-Y.NYB,US Dollar Index,index,98.91999817,0.0065120003825567,yfinance
2025-04-23,DX-Y.NYB,US Dollar Index,index,99.83999634,0.0093004264655771,yfinance
2025-04-24,DX-Y.NYB,US Dollar Index,index,99.29000092,-0.0055087684548977,yfinance
2025-04-25,DX-Y.NYB,US Dollar Index,index,99.47000122,0.0018128744437106,yfinance
2025-04-28,DX-Y.NYB,US Dollar Index,index,99.01000214,-0.0046245006416758,yfinance
2025-04-29,DX-Y.NYB,US Dollar Index,index,99.23999786,0.0023229544750698,yfinance
2025-04-30,DX-Y.NYB,US Dollar Index,index,99.47000122,0.002317647741683,yfinance
2025-05-01,DX-Y.NYB,US Dollar Index,index,100.25,0.0078415479011226,yfinance
2025-05-02,DX-Y.NYB,US Dollar Index,index,100.0,-0.0024937655860348,yfinance
2025-05-05,DX-Y.NYB,US Dollar Index,index,99.83000183,-0.0016999816894532,yfinance
2025-05-06,DX-Y.NYB,US Dollar Index,index,99.23999786,-0.005910086712045,yfinance
2025-05-07,DX-Y.NYB,US Dollar Index,index,99.61000061,0.0037283631050653,yfinance
2025-05-08,DX-Y.NYB,US Dollar Index,index,100.63999939,0.0103403149581933,yfinance
2025-05-09,DX-Y.NYB,US Dollar Index,index,100.33999634,-0.0029809524401553,yfinance
2025-05-12,DX-Y.NYB,US Dollar Index,index,101.79000092,0.0144509132006931,yfinance
2025-05-13,DX-Y.NYB,US Dollar Index,index,101.0,-0.0077610856510644,yfinance
2025-05-14,DX-Y.NYB,US Dollar Index,index,101.04000092,0.0003960486685876,yfinance
2025-05-15,DX-Y.NYB,US Dollar Index,index,100.87999725,-0.0015835675045485,yfinance
2025-05-16,DX-Y.NYB,US Dollar Index,index,101.08999634,0.002081672186659,yfinance
2025-05-19,DX-Y.NYB,US Dollar Index,index,100.43000031,-0.0065287966824019,yfinance
2025-05-20,DX-Y.NYB,US Dollar Index,index,100.12000275,-0.0030867027546723,yfinance
2025-05-21,DX-Y.NYB,US Dollar Index,index,99.55999756,-0.0055933397185948,yfinance
2025-05-22,DX-Y.NYB,US Dollar Index,index,99.95999908,0.0040176932069879,yfinance
2025-05-23,DX-Y.NYB,US Dollar Index,index,99.11000061,-0.0085033861735311,yfinance
2025-05-26,DX-Y.NYB,US Dollar Index,index,98.93000031,-0.001816166926317,yfinance
2025-05-27,DX-Y.NYB,US Dollar Index,index,99.51999664,0.0059637757613526,yfinance
2025-05-28,DX-Y.NYB,US Dollar Index,index,99.87999725,0.0036173695990235,yfinance
2025-05-29,DX-Y.NYB,US Dollar Index,index,99.27999878,-0.0060071935384494,yfinance
2025-05-30,DX-Y.NYB,US Dollar Index,index,99.33000183,0.0005036568530683,yfinance
2025-06-02,DX-Y.NYB,US Dollar Index,index,98.69999695,-0.0063425437551487,yfinance
2025-06-03,DX-Y.NYB,US Dollar Index,index,99.25,0.0055724728344845,yfinance
2025-06-04,DX-Y.NYB,US Dollar Index,index,98.79000092,-0.0046347514808328,yfinance
2025-06-05,DX-Y.NYB,US Dollar Index,index,98.73999786,-0.0005061549883027,yfinance
2025-06-06,DX-Y.NYB,US Dollar Index,index,99.19000244,0.0045574699956707,yfinance
2025-06-09,DX-Y.NYB,US Dollar Index,index,98.94000244,-0.0025204153024159,yfinance
2025-06-10,DX-Y.NYB,US Dollar Index,index,99.05000305,0.0011117910616256,yfinance
2025-06-11,DX-Y.NYB,US Dollar Index,index,98.62999725,-0.0042403410943901,yfinance
2025-06-12,DX-Y.NYB,US Dollar Index,index,97.91999817,-0.0071986120272149,yfinance
2025-06-13,DX-Y.NYB,US Dollar Index,index,98.18000031,0.0026552506239008,yfinance
2025-06-16,DX-Y.NYB,US Dollar Index,index,98.0,-0.0018333703872099,yfinance
2025-06-17,DX-Y.NYB,US Dollar Index,index,98.81999969,0.0083673438247369,yfinance
2025-06-18,DX-Y.NYB,US Dollar Index,index,98.91000366,0.0009107869617801,yfinance
2025-06-20,DX-Y.NYB,US Dollar Index,index,98.70999908,-0.0020220864445619,yfinance
2025-06-23,DX-Y.NYB,US Dollar Index,index,98.41999817,-0.0029379081979238,yfinance
2025-06-24,DX-Y.NYB,US Dollar Index,index,97.86000061,-0.0056898757266027,yfinance
2025-06-25,DX-Y.NYB,US Dollar Index,index,97.68000031,-0.0018393654614052,yfinance
2025-06-26,DX-Y.NYB,US Dollar Index,index,97.15000153,-0.0054258679119679,yfinance
2025-06-27,DX-Y.NYB,US Dollar Index,index,97.40000153,0.0025733401551559,yfinance
2025-06-30,DX-Y.NYB,US Dollar Index,index,96.87999725,-0.0053388528163706,yfinance
2025-07-01,DX-Y.NYB,US Dollar Index,index,96.81999969,-0.000619297690903,yfinance
2025-07-02,DX-Y.NYB,US Dollar Index,index,96.77999878,-0.0004131472387257,yfinance
2025-07-03,DX-Y.NYB,US Dollar Index,index,97.18000031,0.0041331011668133,yfinance
2025-07-07,DX-Y.NYB,US Dollar Index,index,97.48000336,0.0030870863430305,yfinance
2025-07-08,DX-Y.NYB,US Dollar Index,index,97.51000214,0.0003077429038143,yfinance
2025-07-09,DX-Y.NYB,US Dollar Index,index,97.47000122,-0.0004102237170652,yfinance
2025-07-10,DX-Y.NYB,US Dollar Index,index,97.65000153,0.001846725176172,yfinance
2025-07-11,DX-Y.NYB,US Dollar Index,index,97.84999847,0.0020480997963854,yfinance
2025-07-14,DX-Y.NYB,US Dollar Index,index,98.08000183,0.0023505708791033,yfinance
2025-07-15,DX-Y.NYB,US Dollar Index,index,98.62000275,0.0055057188565059,yfinance
2025-07-16,DX-Y.NYB,US Dollar Index,index,98.38999939,-0.0023322181152705,yfinance
2025-07-17,DX-Y.NYB,US Dollar Index,index,98.73000336,0.0034556760788122,yfinance
2025-07-18,DX-Y.NYB,US Dollar Index,index,98.48000336,-0.0025321583257339,yfinance
2025-07-21,DX-Y.NYB,US Dollar Index,index,97.84999847,-0.0063972873815721,yfinance
2025-07-22,DX-Y.NYB,US Dollar Index,index,97.38999939,-0.0047010637878989,yfinance
2025-07-23,DX-Y.NYB,US Dollar Index,index,97.20999908,-0.0018482421840421,yfinance
2025-07-24,DX-Y.NYB,US Dollar Index,index,97.37999725,0.0017487724570142,yfinance
2025-07-25,DX-Y.NYB,US Dollar Index,index,97.65000153,0.0027726872055491,yfinance
2025-07-28,DX-Y.NYB,US Dollar Index,index,98.66000366,0.0103430836707443,yfinance
2025-07-29,DX-Y.NYB,US Dollar Index,index,98.91000366,0.0025339549029026,yfinance
2025-07-30,DX-Y.NYB,US Dollar Index,index,99.94000244,0.0104134945016833,yfinance
2025-07-31,DX-Y.NYB,US Dollar Index,index,100.02999878,0.0009005036591169,yfinance
2025-08-01,DX-Y.NYB,US Dollar Index,index,98.69000244,-0.0133959447590034,yfinance
2025-08-04,DX-Y.NYB,US Dollar Index,index,98.77999878,0.0009119093693819,yfinance
2025-08-05,DX-Y.NYB,US Dollar Index,index,98.77999878,0.0,yfinance
2025-08-06,DX-Y.NYB,US Dollar Index,index,98.18000031,-0.0060740886974666,yfinance
2025-08-07,DX-Y.NYB,US Dollar Index,index,98.40000153,0.0022407946630604,yfinance
2025-08-08,DX-Y.NYB,US Dollar Index,index,98.18000031,-0.0022357847285729,yfinance
2025-08-11,DX-Y.NYB,US Dollar Index,index,98.51999664,0.0034629897823772,yfinance
2025-08-12,DX-Y.NYB,US Dollar Index,index,98.09999847,-0.0042630753477077,yfinance
2025-08-13,DX-Y.NYB,US Dollar Index,index,97.83999634,-0.0026503785960716,yfinance
2025-08-14,DX-Y.NYB,US Dollar Index,index,98.25,0.0041905527131607,yfinance
2025-08-15,DX-Y.NYB,US Dollar Index,index,97.84999847,-0.0040712623499125,yfinance
2025-08-18,DX-Y.NYB,US Dollar Index,index,98.16999817,0.0032703086337693,yfinance
2025-08-19,DX-Y.NYB,US Dollar Index,index,98.26999664,0.0010186256084978,yfinance
2025-08-20,DX-Y.NYB,US Dollar Index,index,98.22000122,-0.0005087557145735,yfinance
2025-08-21,DX-Y.NYB,US Dollar Index,index,98.62000275,0.0040725058125392,yfinance
2025-08-22,DX-Y.NYB,US Dollar Index,index,97.72000122,-0.0091259531617697,yfinance
2025-08-25,DX-Y.NYB,US Dollar Index,index,98.43000031,0.0072656475194787,yfinance
2025-08-26,DX-Y.NYB,US Dollar Index,index,98.23000336,-0.0020318698325928,yfinance
2025-08-27,DX-Y.NYB,US Dollar Index,index,98.23000336,0.0,yfinance
2025-08-28,DX-Y.NYB,US Dollar Index,index,97.80999756,-0.0042757384097166,yfinance
2025-08-29,DX-Y.NYB,US Dollar Index,index,97.76999664,-0.0004089655099254,yfinance
2025-09-02,DX-Y.NYB,US Dollar Index,index,98.40000153,0.0064437445478544,yfinance
2025-09-03,DX-Y.NYB,US Dollar Index,index,98.13999939,-0.0026422980914495,yfinance
2025-09-04,DX-Y.NYB,US Dollar Index,index,98.34999847,0.0021397909698255,yfinance
2025-09-05,DX-Y.NYB,US Dollar Index,index,97.76999664,-0.0058973242506689,yfinance
2025-09-08,DX-Y.NYB,US Dollar Index,index,97.44999695,-0.0032729846150291,yfinance
2025-09-09,DX-Y.NYB,US Dollar Index,index,97.79000092,0.0034890095221422,yfinance
2025-09-10,DX-Y.NYB,US Dollar Index,index,97.77999878,-0.000102281788903,yfinance
2025-09-11,DX-Y.NYB,US Dollar Index,index,97.54000092,-0.0024544678540162,yfinance
2025-09-12,DX-Y.NYB,US Dollar Index,index,97.55000305,0.0001025439423474,yfinance
2025-09-15,DX-Y.NYB,US Dollar Index,index,97.30000305,-0.0025627882335109,yfinance
2025-09-16,DX-Y.NYB,US Dollar Index,index,96.62999725,-0.0068859792119784,yfinance
2025-09-17,DX-Y.NYB,US Dollar Index,index,96.87000275,0.0024837576320597,yfinance
2025-09-18,DX-Y.NYB,US Dollar Index,index,97.34999847,0.004955050210897,yfinance
2025-09-19,DX-Y.NYB,US Dollar Index,index,97.63999939,0.0029789514131779,yfinance
2025-09-22,DX-Y.NYB,US Dollar Index,index,97.33000183,-0.0031749033237563,yfinance
2025-09-23,DX-Y.NYB,US Dollar Index,index,97.26000214,-0.0007191995634161,yfinance
2025-09-24,DX-Y.NYB,US Dollar Index,index,97.87000275,0.0062718547908022,yfinance
2025-09-25,DX-Y.NYB,US Dollar Index,index,98.55000305,0.0069479951577859,yfinance
2025-09-26,DX-Y.NYB,US Dollar Index,index,98.15000153,-0.0040588687315292,yfinance
2025-09-29,DX-Y.NYB,US Dollar Index,index,97.91000366,-0.0024452150793523,yfinance
2025-09-30,DX-Y.NYB,US Dollar Index,index,97.76999664,-0.0014299562231264,yfinance
2025-10-01,DX-Y.NYB,US Dollar Index,index,97.70999908,-0.000613660229659,yfinance
2025-10-02,DX-Y.NYB,US Dollar Index,index,97.84999847,0.0014328051474794,yfinance
2025-10-03,DX-Y.NYB,US Dollar Index,index,97.72000122,-0.0013285360801753,yfinance
2025-10-06,DX-Y.NYB,US Dollar Index,index,98.11000061,0.0039909883828963,yfinance
2025-10-07,DX-Y.NYB,US Dollar Index,index,98.58000183,0.0047905536416184,yfinance
2025-10-08,DX-Y.NYB,US Dollar Index,index,98.84999847,0.0027388581664782,yfinance
2025-10-09,DX-Y.NYB,US Dollar Index,index,99.54000092,0.0069802979469635,yfinance
2025-10-10,DX-Y.NYB,US Dollar Index,index,98.98000336,-0.0056258544649701,yfinance
2025-10-13,DX-Y.NYB,US Dollar Index,index,99.26999664,0.0029298168953082,yfinance
2025-10-14,DX-Y.NYB,US Dollar Index,index,99.05000305,-0.0022161136168827,yfinance
2025-10-15,DX-Y.NYB,US Dollar Index,index,98.79000092,-0.0026249583868724,yfinance
2025-10-16,DX-Y.NYB,US Dollar Index,index,98.38999939,-0.0040490082211958,yfinance
2025-10-17,DX-Y.NYB,US Dollar Index,index,98.43000031,0.0004065546882354,yfinance
2025-10-20,DX-Y.NYB,US Dollar Index,index,98.58999634,0.001625480363901,yfinance
2025-10-21,DX-Y.NYB,US Dollar Index,index,98.93000031,0.0034486659895989,yfinance
2025-10-22,DX-Y.NYB,US Dollar Index,index,98.90000153,-0.0003032323784932,yfinance
2025-10-23,DX-Y.NYB,US Dollar Index,index,98.94000244,0.0004044581891826,yfinance
2025-10-24,DX-Y.NYB,US Dollar Index,index,98.94999695,0.0001010158337308,yfinance
2025-10-27,DX-Y.NYB,US Dollar Index,index,98.77999878,-0.0017180209619839,yfinance
2025-10-28,DX-Y.NYB,US Dollar Index,index,98.69000244,-0.0009110785483174,yfinance
2025-10-29,DX-Y.NYB,US Dollar Index,index,99.22000122,0.0053703391041211,yfinance
2025-10-30,DX-Y.NYB,US Dollar Index,index,99.52999878,0.003124345442248,yfinance
2025-10-31,DX-Y.NYB,US Dollar Index,index,99.80000305,0.0027127928842805,yfinance
2025-11-03,DX-Y.NYB,US Dollar Index,index,99.87000275,0.0007013997262901,yfinance
2025-11-04,DX-Y.NYB,US Dollar Index,index,100.22000122,0.0035045405476676,yfinance
2025-11-05,DX-Y.NYB,US Dollar Index,index,100.19999695,-0.0001996035942652,yfinance
2025-11-06,DX-Y.NYB,US Dollar Index,index,99.73000336,-0.0046905549463377,yfinance
2025-11-07,DX-Y.NYB,US Dollar Index,index,99.59999847,-0.0013035684190966,yfinance
2025-11-10,DX-Y.NYB,US Dollar Index,index,99.62000275,0.0002008461121225,yfinance
2025-11-11,DX-Y.NYB,US Dollar Index,index,99.45999908,-0.0016061399086327,yfinance
2025-11-12,DX-Y.NYB,US Dollar Index,index,99.48000336,0.00020112882209,yfinance
2025-11-13,DX-Y.NYB,US Dollar Index,index,99.18000031,-0.0030157121193633,yfinance
2025-11-14,DX-Y.NYB,US Dollar Index,index,99.26999664,0.0009074040896723,yfinance
2025-11-17,DX-Y.NYB,US Dollar Index,index,99.58999634,0.0032235288168167,yfinance
2025-11-18,DX-Y.NYB,US Dollar Index,index,99.55000305,-0.0004015793513751,yfinance
2025-11-19,DX-Y.NYB,US Dollar Index,index,100.23000336,0.0068307411786039,yfinance
2025-11-20,DX-Y.NYB,US Dollar Index,index,100.16000366,-0.000698390626357,yfinance
2025-11-21,DX-Y.NYB,US Dollar Index,index,100.18000031,0.0001996469881717,yfinance
2025-11-24,DX-Y.NYB,US Dollar Index,index,100.13999939,-0.0003992904312786,yfinance
2025-11-25,DX-Y.NYB,US Dollar Index,index,99.66000366,-0.0047932467591834,yfinance
2025-11-26,DX-Y.NYB,US Dollar Index,index,99.59999847,-0.0006020989944143,yfinance
2025-11-28,DX-Y.NYB,US Dollar Index,index,99.45999908,-0.0014056163834662,yfinance
2025-12-01,DX-Y.NYB,US Dollar Index,index,99.41000366,-0.0005026686388848,yfinance
2025-12-02,DX-Y.NYB,US Dollar Index,index,99.36000061,-0.0005029981884697,yfinance
2025-12-03,DX-Y.NYB,US Dollar Index,index,98.84999847,-0.0051328717099196,yfinance
2025-12-04,DX-Y.NYB,US Dollar Index,index,98.98999786,0.0014162811513354,yfinance
2025-12-05,DX-Y.NYB,US Dollar Index,index,98.98999786,0.0,yfinance
2025-12-08,DX-Y.NYB,US Dollar Index,index,99.08999634,0.0010101876581383,yfinance
2025-12-09,DX-Y.NYB,US Dollar Index,index,99.22000122,0.001311987966668,yfinance
2025-12-10,DX-Y.NYB,US Dollar Index,index,98.79000092,-0.0043338066910451,yfinance
2025-12-11,DX-Y.NYB,US Dollar Index,index,98.34999847,-0.0044539167661561,yfinance
2025-12-12,DX-Y.NYB,US Dollar Index,index,98.40000153,0.0005084194461981,yfinance
2025-12-15,DX-Y.NYB,US Dollar Index,index,98.15000153,-0.0025406503671064,yfinance
2025-12-16,DX-Y.NYB,US Dollar Index,index,98.15000153,0.0,yfinance
2025-12-17,DX-Y.NYB,US Dollar Index,index,98.37000275,0.0022414795444005,yfinance
2025-12-18,DX-Y.NYB,US Dollar Index,index,98.43000031,0.0006099172198692,yfinance
2025-12-19,DX-Y.NYB,US Dollar Index,index,98.59999847,0.0017270971087903,yfinance
2025-12-22,DX-Y.NYB,US Dollar Index,index,98.29000092,-0.0031439915151226,yfinance
2025-12-23,DX-Y.NYB,US Dollar Index,index,97.94000244,-0.0035608756827859,yfinance
2025-12-24,DX-Y.NYB,US Dollar Index,index,97.98000336,0.000408422651932,yfinance
2025-12-26,DX-Y.NYB,US Dollar Index,index,98.01999664,0.0004081780441169,yfinance
2025-12-29,DX-Y.NYB,US Dollar Index,index,98.04000092,0.0002040835864725,yfinance
2025-12-30,DX-Y.NYB,US Dollar Index,index,98.23999786,0.0020399525334,yfinance
2025-12-31,DX-Y.NYB,US Dollar Index,index,98.27999878,0.0004071754519257,yfinance
2026-01-02,DX-Y.NYB,US Dollar Index,index,98.41999817,0.0014244952318613,yfinance
2026-01-05,DX-Y.NYB,US Dollar Index,index,98.26999664,-0.0015240960035524,yfinance
2026-01-06,DX-Y.NYB,US Dollar Index,index,98.58000183,0.0031546270334603,yfinance
2026-01-07,DX-Y.NYB,US Dollar Index,index,98.68000031,0.0010143890471059,yfinance
2026-01-08,DX-Y.NYB,US Dollar Index,index,98.93000031,0.0025334414189992,yfinance
2026-01-09,DX-Y.NYB,US Dollar Index,index,99.12999725,0.0020216006027011,yfinance
2026-01-12,DX-Y.NYB,US Dollar Index,index,98.86000061,-0.0027236623680737,yfinance
2026-01-13,DX-Y.NYB,US Dollar Index,index,99.12999725,0.0027311009649955,yfinance
2026-01-14,DX-Y.NYB,US Dollar Index,index,99.12999725,0.0,yfinance
2026-01-15,DX-Y.NYB,US Dollar Index,index,99.31999969,0.0019166997545712,yfinance
2026-01-16,DX-Y.NYB,US Dollar Index,index,99.38999939,0.000704789519123,yfinance
2026-01-20,DX-Y.NYB,US Dollar Index,index,98.63999939,-0.0075460308341456,yfinance
2026-01-21,DX-Y.NYB,US Dollar Index,index,98.76000214,0.0012165728641988,yfinance
2026-01-22,DX-Y.NYB,US Dollar Index,index,98.36000061,-0.004050238125017,yfinance
2026-01-23,DX-Y.NYB,US Dollar Index,index,97.59999847,-0.0077267398486624,yfinance
2026-01-26,DX-Y.NYB,US Dollar Index,index,97.04000092,-0.0057376799933274,yfinance
2026-01-27,DX-Y.NYB,US Dollar Index,index,96.22000122,-0.008450120435778,yfinance
2026-01-28,DX-Y.NYB,US Dollar Index,index,96.44999695,0.0023903110020913,yfinance
2026-01-29,DX-Y.NYB,US Dollar Index,index,96.27999878,-0.0017625523517285,yfinance
2026-01-30,DX-Y.NYB,US Dollar Index,index,96.98999786,0.0073743154702377,yfinance
2026-02-02,DX-Y.NYB,US Dollar Index,index,97.61000061,0.006392440047817,yfinance
2026-02-03,DX-Y.NYB,US Dollar Index,index,97.44000244,-0.0017416060637468,yfinance
2026-02-04,DX-Y.NYB,US Dollar Index,index,97.62000275,0.0018472937260449,yfinance
2026-02-05,DX-Y.NYB,US Dollar Index,index,97.81999969,0.0020487291806512,yfinance
2026-02-06,DX-Y.NYB,US Dollar Index,index,97.62999725,-0.001942368043335,yfinance
2026-02-09,DX-Y.NYB,US Dollar Index,index,96.81999969,-0.0082966053608628,yfinance
2026-02-10,DX-Y.NYB,US Dollar Index,index,96.80000305,-0.0002065342194738,yfinance
2026-02-11,DX-Y.NYB,US Dollar Index,index,96.83000183,0.0003099047350323,yfinance
2026-02-12,DX-Y.NYB,US Dollar Index,index,96.93000031,0.001032722010019,yfinance
2026-02-13,DX-Y.NYB,US Dollar Index,index,96.87999725,-0.0005158676529495,yfinance
2026-02-17,DX-Y.NYB,US Dollar Index,index,97.16000366,0.0028902396431638,yfinance
2026-02-18,DX-Y.NYB,US Dollar Index,index,97.69999695,0.0055577734230101,yfinance
2026-02-19,DX-Y.NYB,US Dollar Index,index,97.93000031,0.0023541797760282,yfinance
2026-02-20,DX-Y.NYB,US Dollar Index,index,97.80000305,-0.0013274507608789,yfinance
2026-02-23,DX-Y.NYB,US Dollar Index,index,97.69999695,-0.0010225572637525,yfinance
2026-02-24,DX-Y.NYB,US Dollar Index,index,97.87999725,0.0018423777973208,yfinance
2026-02-25,DX-Y.NYB,US Dollar Index,index,97.69999695,-0.0018389896835583,yfinance
2026-02-26,DX-Y.NYB,US Dollar Index,index,97.79000092,0.0009212279436694,yfinance
2026-02-27,DX-Y.NYB,US Dollar Index,index,97.61000061,-0.0018406821095263,yfinance
2026-03-02,DX-Y.NYB,US Dollar Index,index,98.37999725,0.0078885015700402,yfinance
2026-03-03,DX-Y.NYB,US Dollar Index,index,99.05000305,0.0068103864306274,yfinance
2026-03-04,DX-Y.NYB,US Dollar Index,index,98.76999664,-0.0028269197381556,yfinance
2026-03-05,DX-Y.NYB,US Dollar Index,index,99.31999969,0.0055685235441023,yfinance
2026-03-06,DX-Y.NYB,US Dollar Index,index,98.98999786,-0.0033226120828502,yfinance
2026-03-09,DX-Y.NYB,US Dollar Index,index,99.18000031,0.001919410501127,yfinance
2026-03-10,DX-Y.NYB,US Dollar Index,index,98.83000183,-0.0035289218899391,yfinance
2026-03-11,DX-Y.NYB,US Dollar Index,index,99.23000336,0.0040473694067384,yfinance
2026-03-12,DX-Y.NYB,US Dollar Index,index,99.73999786,0.0051395191936198,yfinance
2026-03-13,DX-Y.NYB,US Dollar Index,index,100.36000061,0.0062161896918113,yfinance
2026-03-16,DX-Y.NYB,US Dollar Index,index,99.70999908,-0.0064766991024894,yfinance
2026-03-17,DX-Y.NYB,US Dollar Index,index,99.58000183,-0.0013037534310661,yfinance
2026-03-18,DX-Y.NYB,US Dollar Index,index,100.08999634,0.0051214550859437,yfinance
2026-03-19,DX-Y.NYB,US Dollar Index,index,99.23000336,-0.0085921971467938,yfinance
2026-03-20,DX-Y.NYB,US Dollar Index,index,99.65000153,0.004232572354498,yfinance
2026-03-23,DX-Y.NYB,US Dollar Index,index,98.94999695,-0.0070246318807623,yfinance
2026-03-24,DX-Y.NYB,US Dollar Index,index,99.43000031,0.0048509688907283,yfinance
2026-03-25,DX-Y.NYB,US Dollar Index,index,99.59999847,0.0017097271288699,yfinance
2026-03-26,DX-Y.NYB,US Dollar Index,index,99.90000153,0.003012078879055,yfinance
2026-03-27,DX-Y.NYB,US Dollar Index,index,100.15000153,0.002502502464279,yfinance
2026-03-30,DX-Y.NYB,US Dollar Index,index,100.51000214,0.0035946141274751,yfinance
2026-03-31,DX-Y.NYB,US Dollar Index,index,99.95999908,-0.0054721225755458,yfinance
2026-04-01,DX-Y.NYB,US Dollar Index,index,99.65000153,-0.0031012161007702,yfinance
2026-04-02,DX-Y.NYB,US Dollar Index,index,100.02999878,0.003813319092818,yfinance
2026-04-06,DX-Y.NYB,US Dollar Index,index,99.98000336,-0.0004998042884474,yfinance
2026-04-07,DX-Y.NYB,US Dollar Index,index,99.63999939,-0.0034007197026322,yfinance
2026-04-08,DX-Y.NYB,US Dollar Index,index,99.12999725,-0.0051184478056456,yfinance
2026-04-09,DX-Y.NYB,US Dollar Index,index,98.81999969,-0.0031271821565903,yfinance
2026-04-10,DX-Y.NYB,US Dollar Index,index,98.65000153,-0.0017202810106283,yfinance
2026-04-13,DX-Y.NYB,US Dollar Index,index,98.37000275,-0.0028383048653416,yfinance
2026-04-14,DX-Y.NYB,US Dollar Index,index,98.12000275,-0.0025414251603107,yfinance
2026-04-15,DX-Y.NYB,US Dollar Index,index,98.05999756,-0.000611548983985,yfinance
2026-04-16,DX-Y.NYB,US Dollar Index,index,98.22000122,0.0016316914755556,yfinance
2026-04-17,DX-Y.NYB,US Dollar Index,index,98.09999847,-0.001221775046738,yfinance
2026-04-20,DX-Y.NYB,US Dollar Index,index,98.05000305,-0.0005096373408862,yfinance
2026-04-21,DX-Y.NYB,US Dollar Index,index,98.41000366,0.0036716022350509,yfinance
2026-04-22,DX-Y.NYB,US Dollar Index,index,98.58999634,0.0018290079167078,yfinance
2026-04-23,DX-Y.NYB,US Dollar Index,index,98.80000305,0.0021301016499426,yfinance
2026-04-24,DX-Y.NYB,US Dollar Index,index,98.51000214,-0.0029352318478714,yfinance
2026-04-27,DX-Y.NYB,US Dollar Index,index,98.48000336,-0.0003045252121242,yfinance
2026-04-28,DX-Y.NYB,US Dollar Index,index,98.62000275,0.0014216022022361,yfinance
2026-04-29,DX-Y.NYB,US Dollar Index,index,98.91999817,0.0030419328129016,yfinance
2026-04-30,DX-Y.NYB,US Dollar Index,index,98.08000183,-0.0084916736093749,yfinance
2026-05-01,DX-Y.NYB,US Dollar Index,index,98.20999908,0.0013254205851453,yfinance
2026-05-04,DX-Y.NYB,US Dollar Index,index,98.47000122,0.0026474100260081,yfinance
2026-05-05,DX-Y.NYB,US Dollar Index,index,98.48000336,0.0001015754656898,yfinance
2026-05-06,DX-Y.NYB,US Dollar Index,index,98.01999664,-0.0046710672033583,yfinance
2026-05-07,DX-Y.NYB,US Dollar Index,index,98.25,0.0023464942339381,yfinance
2026-05-08,DX-Y.NYB,US Dollar Index,index,97.83999634,-0.0041730652631997,yfinance
2026-05-11,DX-Y.NYB,US Dollar Index,index,97.94000244,0.0010221392810587,yfinance
2026-05-12,DX-Y.NYB,US Dollar Index,index,98.29000092,0.0035736008310853,yfinance
2026-05-13,DX-Y.NYB,US Dollar Index,index,98.48000336,0.0019330800654844,yfinance
2026-05-14,DX-Y.NYB,US Dollar Index,index,98.87999725,0.0040616763083831,yfinance
2026-05-15,DX-Y.NYB,US Dollar Index,index,99.26999664,0.0039441686941892,yfinance
2026-05-18,DX-Y.NYB,US Dollar Index,index,98.97000122,-0.0030220150348341,yfinance
2026-05-19,DX-Y.NYB,US Dollar Index,index,99.30000305,0.0033343622005093,yfinance
2026-05-20,DX-Y.NYB,US Dollar Index,index,99.11000061,-0.001913418283655,yfinance
2026-05-21,DX-Y.NYB,US Dollar Index,index,99.19000244,0.0008072024070426,yfinance
2026-05-22,DX-Y.NYB,US Dollar Index,index,99.31999969,0.0013105882671469,yfinance
2026-05-26,DX-Y.NYB,US Dollar Index,index,99.16999817,-0.0015102852027768,yfinance
2026-05-27,DX-Y.NYB,US Dollar Index,index,99.20999908,0.0004033570259744,yfinance
2026-05-28,DX-Y.NYB,US Dollar Index,index,99.01999664,-0.0019151541493763,yfinance
2026-05-29,DX-Y.NYB,US Dollar Index,index,98.91000366,-0.0011108158421123,yfinance
2026-06-01,DX-Y.NYB,US Dollar Index,index,99.19999695,0.0029318903588708,yfinance
2026-06-02,DX-Y.NYB,US Dollar Index,index,99.22000122,0.000201655978592,yfinance
2026-06-03,DX-Y.NYB,US Dollar Index,index,99.52999878,0.003124345442248,yfinance
2026-06-04,DX-Y.NYB,US Dollar Index,index,99.41000366,-0.0012056175892615,yfinance
2026-06-05,DX-Y.NYB,US Dollar Index,index,100.06999969,0.0066391309566604,yfinance
2026-06-08,DX-Y.NYB,US Dollar Index,index,100.05000305,-0.0001998265526871,yfinance
2026-06-09,DX-Y.NYB,US Dollar Index,index,99.91000366,-0.0013992942066778,yfinance
2026-06-10,DX-Y.NYB,US Dollar Index,index,99.94999695,0.0004002931104685,yfinance
2026-06-11,DX-Y.NYB,US Dollar Index,index,99.86000061,-0.0009004136131913,yfinance
2026-06-12,DX-Y.NYB,US Dollar Index,index,99.73100281,-0.001291786520588,yfinance
2025-01-02,ES=F,S&P 500 Futures,futures,5916.5,,yfinance
2025-01-03,ES=F,S&P 500 Futures,futures,5989.5,0.0123383757288937,yfinance
2025-01-06,ES=F,S&P 500 Futures,futures,6020.5,0.0051757241839887,yfinance
2025-01-07,ES=F,S&P 500 Futures,futures,5954.25,-0.0110040694294494,yfinance
2025-01-08,ES=F,S&P 500 Futures,futures,5959.25,0.0008397363227945,yfinance
2025-01-09,ES=F,S&P 500 Futures,futures,5944.75,-0.0024331920963208,yfinance
2025-01-10,ES=F,S&P 500 Futures,futures,5866.25,-0.0132049287186172,yfinance
2025-01-13,ES=F,S&P 500 Futures,futures,5874.5,0.001406349882804,yfinance
2025-01-14,ES=F,S&P 500 Futures,futures,5882.25,0.0013192612137202,yfinance
2025-01-15,ES=F,S&P 500 Futures,futures,5989.0,0.0181478175868077,yfinance
2025-01-16,ES=F,S&P 500 Futures,futures,5975.5,-0.00225413257639,yfinance
2025-01-17,ES=F,S&P 500 Futures,futures,6033.5,0.0097063007279725,yfinance
2025-01-21,ES=F,S&P 500 Futures,futures,6084.25,0.0084113698516614,yfinance
2025-01-22,ES=F,S&P 500 Futures,futures,6120.5,0.0059580063278135,yfinance
2025-01-23,ES=F,S&P 500 Futures,futures,6152.0,0.0051466383465403,yfinance
2025-01-24,ES=F,S&P 500 Futures,futures,6133.25,-0.003047789336801,yfinance
2025-01-27,ES=F,S&P 500 Futures,futures,6046.75,-0.014103452492561,yfinance
2025-01-28,ES=F,S&P 500 Futures,futures,6097.0,0.0083102493074791,yfinance
2025-01-29,ES=F,S&P 500 Futures,futures,6067.5,-0.0048384451369526,yfinance
2025-01-30,ES=F,S&P 500 Futures,futures,6099.25,0.0052327976926247,yfinance
2025-01-31,ES=F,S&P 500 Futures,futures,6067.25,-0.0052465467065623,yfinance
2025-02-03,ES=F,S&P 500 Futures,futures,6022.25,-0.0074168692570769,yfinance
2025-02-04,ES=F,S&P 500 Futures,futures,6063.0,0.0067665739549171,yfinance
2025-02-05,ES=F,S&P 500 Futures,futures,6086.5,0.003875968992248,yfinance
2025-02-06,ES=F,S&P 500 Futures,futures,6106.0,0.0032038117144499,yfinance
2025-02-07,ES=F,S&P 500 Futures,futures,6049.5,-0.0092531935800851,yfinance
2025-02-10,ES=F,S&P 500 Futures,futures,6088.75,0.0064881395156624,yfinance
2025-02-11,ES=F,S&P 500 Futures,futures,6092.25,0.0005748306302606,yfinance
2025-02-12,ES=F,S&P 500 Futures,futures,6072.75,-0.0032007878862488,yfinance
2025-02-13,ES=F,S&P 500 Futures,futures,6135.25,0.0102918776501585,yfinance
2025-02-14,ES=F,S&P 500 Futures,futures,6132.0,-0.0005297257650462,yfinance
2025-02-18,ES=F,S&P 500 Futures,futures,6146.75,0.0024054142204827,yfinance
2025-02-19,ES=F,S&P 500 Futures,futures,6163.0,0.0026436734859884,yfinance
2025-02-20,ES=F,S&P 500 Futures,futures,6136.5,-0.0042998539672237,yfinance
2025-02-21,ES=F,S&P 500 Futures,futures,6029.0,-0.0175181292267578,yfinance
2025-02-24,ES=F,S&P 500 Futures,futures,6000.75,-0.0046856858517166,yfinance
2025-02-25,ES=F,S&P 500 Futures,futures,5970.0,-0.005124359455068,yfinance
2025-02-26,ES=F,S&P 500 Futures,futures,5970.75,0.0001256281407036,yfinance
2025-02-27,ES=F,S&P 500 Futures,futures,5876.25,-0.0158271573922873,yfinance
2025-02-28,ES=F,S&P 500 Futures,futures,5963.25,0.0148053605615825,yfinance
2025-03-03,ES=F,S&P 500 Futures,futures,5860.75,-0.0171886135915817,yfinance
2025-03-04,ES=F,S&P 500 Futures,futures,5789.5,-0.0121571471228084,yfinance
2025-03-05,ES=F,S&P 500 Futures,futures,5851.25,0.0106658606097245,yfinance
2025-03-06,ES=F,S&P 500 Futures,futures,5746.25,-0.0179448835718863,yfinance
2025-03-07,ES=F,S&P 500 Futures,futures,5776.0,0.0051772895366544,yfinance
2025-03-10,ES=F,S&P 500 Futures,futures,5620.75,-0.0268784626038781,yfinance
2025-03-11,ES=F,S&P 500 Futures,futures,5577.0,-0.0077836587643997,yfinance
2025-03-12,ES=F,S&P 500 Futures,futures,5604.75,0.0049757934373317,yfinance
2025-03-13,ES=F,S&P 500 Futures,futures,5527.5,-0.0137829519603907,yfinance
2025-03-14,ES=F,S&P 500 Futures,futures,5640.0,0.0203527815468114,yfinance
2025-03-17,ES=F,S&P 500 Futures,futures,5680.25,0.0071365248226951,yfinance
2025-03-18,ES=F,S&P 500 Futures,futures,5618.0,-0.0109590246908146,yfinance
2025-03-19,ES=F,S&P 500 Futures,futures,5678.5,0.0107689569241722,yfinance
2025-03-20,ES=F,S&P 500 Futures,futures,5662.5,-0.0028176455049748,yfinance
2025-03-21,ES=F,S&P 500 Futures,futures,5617.79980469,-0.007894074227373,yfinance
2025-03-24,ES=F,S&P 500 Futures,futures,5815.5,0.0351917480483263,yfinance
2025-03-25,ES=F,S&P 500 Futures,futures,5826.5,0.0018914968618346,yfinance
2025-03-26,ES=F,S&P 500 Futures,futures,5759.5,-0.0114991847592894,yfinance
2025-03-27,ES=F,S&P 500 Futures,futures,5739.25,-0.0035159302022744,yfinance
2025-03-28,ES=F,S&P 500 Futures,futures,5623.0,-0.0202552598336019,yfinance
2025-03-31,ES=F,S&P 500 Futures,futures,5653.25,0.0053796905566423,yfinance
2025-04-01,ES=F,S&P 500 Futures,futures,5674.5,0.0037588997479325,yfinance
2025-04-02,ES=F,S&P 500 Futures,futures,5712.25,0.0066525685082385,yfinance
2025-04-03,ES=F,S&P 500 Futures,futures,5432.75,-0.0489299312880213,yfinance
2025-04-04,ES=F,S&P 500 Futures,futures,5110.25,-0.0593622014633472,yfinance
2025-04-07,ES=F,S&P 500 Futures,futures,5097.25,-0.002543906853872,yfinance
2025-04-08,ES=F,S&P 500 Futures,futures,5020.25,-0.0151061847074402,yfinance
2025-04-09,ES=F,S&P 500 Futures,futures,5491.0,0.0937702305662069,yfinance
2025-04-10,ES=F,S&P 500 Futures,futures,5302.0,-0.0344199599344381,yfinance
2025-04-11,ES=F,S&P 500 Futures,futures,5391.25,0.0168332704639757,yfinance
2025-04-14,ES=F,S&P 500 Futures,futures,5440.75,0.0091815441687921,yfinance
2025-04-15,ES=F,S&P 500 Futures,futures,5428.25,-0.0022974773698478,yfinance
2025-04-16,ES=F,S&P 500 Futures,futures,5305.75,-0.0225671256850734,yfinance
2025-04-17,ES=F,S&P 500 Futures,futures,5312.75,0.001319323375583,yfinance
2025-04-21,ES=F,S&P 500 Futures,futures,5184.75,-0.024092983859583,yfinance
2025-04-22,ES=F,S&P 500 Futures,futures,5314.75,0.0250735329572302,yfinance
2025-04-23,ES=F,S&P 500 Futures,futures,5401.75,0.0163695376076014,yfinance
2025-04-24,ES=F,S&P 500 Futures,futures,5511.25,0.0202712084046836,yfinance
2025-04-25,ES=F,S&P 500 Futures,futures,5549.75,0.0069857110455886,yfinance
2025-04-28,ES=F,S&P 500 Futures,futures,5553.0,0.0005856119645029,yfinance
2025-04-29,ES=F,S&P 500 Futures,futures,5583.75,0.0055375472717449,yfinance
2025-04-30,ES=F,S&P 500 Futures,futures,5587.0,0.0005820461159615,yfinance
2025-05-01,ES=F,S&P 500 Futures,futures,5623.25,0.006488276355826,yfinance
2025-05-02,ES=F,S&P 500 Futures,futures,5709.0,0.0152491886364647,yfinance
2025-05-05,ES=F,S&P 500 Futures,futures,5671.75,-0.0065247854265195,yfinance
2025-05-06,ES=F,S&P 500 Futures,futures,5625.75,-0.0081103715784369,yfinance
2025-05-07,ES=F,S&P 500 Futures,futures,5652.0,0.0046660445273962,yfinance
2025-05-08,ES=F,S&P 500 Futures,futures,5684.5,0.0057501769285208,yfinance
2025-05-09,ES=F,S&P 500 Futures,futures,5678.0,-0.0011434602867446,yfinance
2025-05-12,ES=F,S&P 500 Futures,futures,5865.0,0.032934131736527,yfinance
2025-05-13,ES=F,S&P 500 Futures,futures,5904.5,0.0067348678601875,yfinance
2025-05-14,ES=F,S&P 500 Futures,futures,5908.5,0.0006774494029977,yfinance
2025-05-15,ES=F,S&P 500 Futures,futures,5933.25,0.0041888804265042,yfinance
2025-05-16,ES=F,S&P 500 Futures,futures,5975.5,0.007120886529305,yfinance
2025-05-19,ES=F,S&P 500 Futures,futures,5982.5,0.0011714500878587,yfinance
2025-05-20,ES=F,S&P 500 Futures,futures,5959.75,-0.0038027580442958,yfinance
2025-05-21,ES=F,S&P 500 Futures,futures,5861.25,-0.0165275389068333,yfinance
2025-05-22,ES=F,S&P 500 Futures,futures,5856.75,-0.000767754318618,yfinance
2025-05-23,ES=F,S&P 500 Futures,futures,5817.0,-0.0067870405941862,yfinance
2025-05-27,ES=F,S&P 500 Futures,futures,5934.25,0.020156438026474,yfinance
2025-05-28,ES=F,S&P 500 Futures,futures,5902.75,-0.0053081686818047,yfinance
2025-05-29,ES=F,S&P 500 Futures,futures,5922.75,0.0033882512388294,yfinance
2025-05-30,ES=F,S&P 500 Futures,futures,5916.0,-0.0011396732936558,yfinance
2025-06-02,ES=F,S&P 500 Futures,futures,5947.25,0.0052822853279241,yfinance
2025-06-03,ES=F,S&P 500 Futures,futures,5981.5,0.0057589642271638,yfinance
2025-06-04,ES=F,S&P 500 Futures,futures,5981.0,-8.359107247346564e-05,yfinance
2025-06-05,ES=F,S&P 500 Futures,futures,5946.0,-0.0058518642367496,yfinance
2025-06-06,ES=F,S&P 500 Futures,futures,6006.75,0.0102169525731583,yfinance
2025-06-09,ES=F,S&P 500 Futures,futures,6010.25,0.0005826778207849,yfinance
2025-06-10,ES=F,S&P 500 Futures,futures,6045.0,0.0057817894430347,yfinance
2025-06-11,ES=F,S&P 500 Futures,futures,6029.0,-0.0026468155500413,yfinance
2025-06-12,ES=F,S&P 500 Futures,futures,6049.5,0.0034002322109802,yfinance
2025-06-13,ES=F,S&P 500 Futures,futures,5979.25,-0.0116125299611538,yfinance
2025-06-16,ES=F,S&P 500 Futures,futures,6035.75,0.009449345653719,yfinance
2025-06-17,ES=F,S&P 500 Futures,futures,5985.0,-0.0084082342708031,yfinance
2025-06-18,ES=F,S&P 500 Futures,futures,5981.5,-0.0005847953216374,yfinance
2025-06-20,ES=F,S&P 500 Futures,futures,6010.20996094,0.0047997928508736,yfinance
2025-06-23,ES=F,S&P 500 Futures,futures,6077.0,0.0111127630310077,yfinance
2025-06-24,ES=F,S&P 500 Futures,futures,6146.25,0.0113954253743624,yfinance
2025-06-25,ES=F,S&P 500 Futures,futures,6147.0,0.0001220256253813,yfinance
2025-06-26,ES=F,S&P 500 Futures,futures,6195.0,0.0078086871644704,yfinance
2025-06-27,ES=F,S&P 500 Futures,futures,6223.75,0.0046408393866022,yfinance
2025-06-30,ES=F,S&P 500 Futures,futures,6253.75,0.0048202450291223,yfinance
2025-07-01,ES=F,S&P 500 Futures,futures,6248.75,-0.0007995202878272,yfinance
2025-07-02,ES=F,S&P 500 Futures,futures,6275.0,0.0042008401680335,yfinance
2025-07-03,ES=F,S&P 500 Futures,futures,6324.25,0.0078486055776891,yfinance
2025-07-04,ES=F,S&P 500 Futures,futures,6283.5,-0.0064434517927026,yfinance
2025-07-07,ES=F,S&P 500 Futures,futures,6276.0,-0.0011936022917163,yfinance
2025-07-08,ES=F,S&P 500 Futures,futures,6272.0,-0.0006373486297004,yfinance
2025-07-09,ES=F,S&P 500 Futures,futures,6307.25,0.0056202168367347,yfinance
2025-07-10,ES=F,S&P 500 Futures,futures,6324.25,0.0026953109516825,yfinance
2025-07-11,ES=F,S&P 500 Futures,futures,6300.0,-0.0038344467723445,yfinance
2025-07-14,ES=F,S&P 500 Futures,futures,6311.0,0.0017460317460318,yfinance
2025-07-15,ES=F,S&P 500 Futures,futures,6284.0,-0.0042782443352875,yfinance
2025-07-16,ES=F,S&P 500 Futures,futures,6303.25,0.0030633354551241,yfinance
2025-07-17,ES=F,S&P 500 Futures,futures,6340.5,0.0059096497838415,yfinance
2025-07-18,ES=F,S&P 500 Futures,futures,6334.75,-0.0009068685434903,yfinance
2025-07-21,ES=F,S&P 500 Futures,futures,6344.75,0.0015785942618098,yfinance
2025-07-22,ES=F,S&P 500 Futures,futures,6346.75,0.0003152212459118,yfinance
2025-07-23,ES=F,S&P 500 Futures,futures,6396.25,0.0077992673415527,yfinance
2025-07-24,ES=F,S&P 500 Futures,futures,6401.5,0.0008207934336526,yfinance
2025-07-25,ES=F,S&P 500 Futures,futures,6425.0,0.0036710146059517,yfinance
2025-07-28,ES=F,S&P 500 Futures,futures,6422.75,-0.0003501945525291,yfinance
2025-07-29,ES=F,S&P 500 Futures,futures,6406.0,-0.0026079171694367,yfinance
2025-07-30,ES=F,S&P 500 Futures,futures,6396.25,-0.0015220106150484,yfinance
2025-07-31,ES=F,S&P 500 Futures,futures,6374.25,-0.0034395153410201,yfinance
2025-08-01,ES=F,S&P 500 Futures,futures,6264.5,-0.017217711887673,yfinance
2025-08-04,ES=F,S&P 500 Futures,futures,6356.0,0.014606113815947,yfinance
2025-08-05,ES=F,S&P 500 Futures,futures,6325.25,-0.0048379483952171,yfinance
2025-08-06,ES=F,S&P 500 Futures,futures,6371.0,0.0072329156950319,yfinance
2025-08-07,ES=F,S&P 500 Futures,futures,6366.5,-0.0007063255375922,yfinance
2025-08-08,ES=F,S&P 500 Futures,futures,6413.5,0.0073823922092202,yfinance
2025-08-11,ES=F,S&P 500 Futures,futures,6399.75,-0.0021439151789194,yfinance
2025-08-12,ES=F,S&P 500 Futures,futures,6468.5,0.0107426071330911,yfinance
2025-08-13,ES=F,S&P 500 Futures,futures,6488.75,0.0031305557702712,yfinance
2025-08-14,ES=F,S&P 500 Futures,futures,6490.5,0.0002696975534579,yfinance
2025-08-15,ES=F,S&P 500 Futures,futures,6471.5,-0.0029273553655342,yfinance
2025-08-18,ES=F,S&P 500 Futures,futures,6469.25,-0.0003476782816966,yfinance
2025-08-19,ES=F,S&P 500 Futures,futures,6432.5,-0.0056807203307956,yfinance
2025-08-20,ES=F,S&P 500 Futures,futures,6413.25,-0.0029926156237854,yfinance
2025-08-21,ES=F,S&P 500 Futures,futures,6388.25,-0.00389817955015,yfinance
2025-08-22,ES=F,S&P 500 Futures,futures,6483.25,0.0148710523226236,yfinance
2025-08-25,ES=F,S&P 500 Futures,futures,6455.5,-0.004280260671731,yfinance
2025-08-26,ES=F,S&P 500 Futures,futures,6482.5,0.0041824800557663,yfinance
2025-08-27,ES=F,S&P 500 Futures,futures,6496.0,0.0020825298881603,yfinance
2025-08-28,ES=F,S&P 500 Futures,futures,6517.5,0.0033097290640393,yfinance
2025-08-29,ES=F,S&P 500 Futures,futures,6472.75,-0.0068661296509398,yfinance
2025-09-02,ES=F,S&P 500 Futures,futures,6425.5,-0.0072998339191224,yfinance
2025-09-03,ES=F,S&P 500 Futures,futures,6457.25,0.0049412497081939,yfinance
2025-09-04,ES=F,S&P 500 Futures,futures,6510.75,0.0082852607534167,yfinance
2025-09-05,ES=F,S&P 500 Futures,futures,6489.75,-0.0032254348577352,yfinance
2025-09-08,ES=F,S&P 500 Futures,futures,6506.0,0.002503948534227,yfinance
2025-09-09,ES=F,S&P 500 Futures,futures,6521.75,0.0024208422994158,yfinance
2025-09-10,ES=F,S&P 500 Futures,futures,6539.75,0.0027599954000077,yfinance
2025-09-11,ES=F,S&P 500 Futures,futures,6592.5,0.008066057571008,yfinance
2025-09-12,ES=F,S&P 500 Futures,futures,6588.25,-0.00064467197573,yfinance
2025-09-15,ES=F,S&P 500 Futures,futures,6621.5,0.0050468637346792,yfinance
2025-09-16,ES=F,S&P 500 Futures,futures,6610.75,-0.0016234992071283,yfinance
2025-09-17,ES=F,S&P 500 Futures,futures,6601.25,-0.0014370532844231,yfinance
2025-09-18,ES=F,S&P 500 Futures,futures,6635.0,0.0051126680552926,yfinance
2025-09-19,ES=F,S&P 500 Futures,futures,6658.77001953,0.0035825198992087,yfinance
2025-09-22,ES=F,S&P 500 Futures,futures,6752.5,0.0140761702527381,yfinance
2025-09-23,ES=F,S&P 500 Futures,futures,6715.0,-0.0055534987041836,yfinance
2025-09-24,ES=F,S&P 500 Futures,futures,6692.25,-0.0033879374534624,yfinance
2025-09-25,ES=F,S&P 500 Futures,futures,6659.75,-0.0048563637042847,yfinance
2025-09-26,ES=F,S&P 500 Futures,futures,6696.5,0.0055182251586021,yfinance
2025-09-29,ES=F,S&P 500 Futures,futures,6713.5,0.0025386395878443,yfinance
2025-09-30,ES=F,S&P 500 Futures,futures,6738.75,0.0037610784240709,yfinance
2025-10-01,ES=F,S&P 500 Futures,futures,6761.5,0.0033759970320905,yfinance
2025-10-02,ES=F,S&P 500 Futures,futures,6766.75,0.0007764549286402,yfinance
2025-10-03,ES=F,S&P 500 Futures,futures,6764.0,-0.0004063989359737,yfinance
2025-10-06,ES=F,S&P 500 Futures,futures,6788.75,0.0036590774689533,yfinance
2025-10-07,ES=F,S&P 500 Futures,futures,6761.5,-0.0040139937396428,yfinance
2025-10-08,ES=F,S&P 500 Futures,futures,6801.25,0.0058788730311321,yfinance
2025-10-09,ES=F,S&P 500 Futures,futures,6779.25,-0.0032346995037676,yfinance
2025-10-10,ES=F,S&P 500 Futures,futures,6595.25,-0.0271416454622561,yfinance
2025-10-13,ES=F,S&P 500 Futures,futures,6694.75,0.0150866153671203,yfinance
2025-10-14,ES=F,S&P 500 Futures,futures,6686.5,-0.0012323088987639,yfinance
2025-10-15,ES=F,S&P 500 Futures,futures,6715.0,0.0042623195991924,yfinance
2025-10-16,ES=F,S&P 500 Futures,futures,6668.75,-0.0068875651526433,yfinance
2025-10-17,ES=F,S&P 500 Futures,futures,6702.5,0.0050609184629804,yfinance
2025-10-20,ES=F,S&P 500 Futures,futures,6773.75,0.0106303618052965,yfinance
2025-10-21,ES=F,S&P 500 Futures,futures,6773.25,-7.38143568924654e-05,yfinance
2025-10-22,ES=F,S&P 500 Futures,futures,6737.0,-0.0053519359244085,yfinance
2025-10-23,ES=F,S&P 500 Futures,futures,6775.0,0.0056404928009499,yfinance
2025-10-24,ES=F,S&P 500 Futures,futures,6827.0,0.0076752767527674,yfinance
2025-10-27,ES=F,S&P 500 Futures,futures,6908.25,0.0119012743518382,yfinance
2025-10-28,ES=F,S&P 500 Futures,futures,6925.75,0.002533203054319,yfinance
2025-10-29,ES=F,S&P 500 Futures,futures,6922.75,-0.0004331660830957,yfinance
2025-10-30,ES=F,S&P 500 Futures,futures,6855.5,-0.0097143476219709,yfinance
2025-10-31,ES=F,S&P 500 Futures,futures,6874.0,0.0026985631974327,yfinance
2025-11-03,ES=F,S&P 500 Futures,futures,6882.75,0.0012729124236252,yfinance
2025-11-04,ES=F,S&P 500 Futures,futures,6801.75,-0.0117685518143183,yfinance
2025-11-05,ES=F,S&P 500 Futures,futures,6825.25,0.0034549932002794,yfinance
2025-11-06,ES=F,S&P 500 Futures,futures,6747.5,-0.0113915241199955,yfinance
2025-11-07,ES=F,S&P 500 Futures,futures,6753.75,0.0009262689885143,yfinance
2025-11-10,ES=F,S&P 500 Futures,futures,6856.75,0.015250786600037,yfinance
2025-11-11,ES=F,S&P 500 Futures,futures,6871.5,0.0021511649104897,yfinance
2025-11-12,ES=F,S&P 500 Futures,futures,6875.75,0.0006184966892235,yfinance
2025-11-13,ES=F,S&P 500 Futures,futures,6760.0,-0.0168345271424935,yfinance
2025-11-14,ES=F,S&P 500 Futures,futures,6755.25,-0.0007026627218934,yfinance
2025-11-17,ES=F,S&P 500 Futures,futures,6692.0,-0.0093630879686169,yfinance
2025-11-18,ES=F,S&P 500 Futures,futures,6639.75,-0.0078078302450687,yfinance
2025-11-19,ES=F,S&P 500 Futures,futures,6661.5,0.003275725742686,yfinance
2025-11-20,ES=F,S&P 500 Futures,futures,6557.5,-0.0156120993770172,yfinance
2025-11-21,ES=F,S&P 500 Futures,futures,6620.25,0.0095691955775829,yfinance
2025-11-24,ES=F,S&P 500 Futures,futures,6721.25,0.0152562214417883,yfinance
2025-11-25,ES=F,S&P 500 Futures,futures,6781.5,0.0089641063790217,yfinance
2025-11-26,ES=F,S&P 500 Futures,futures,6828.0,0.0068568900685688,yfinance
2025-11-28,ES=F,S&P 500 Futures,futures,6859.5,0.0046133567662565,yfinance
2025-12-01,ES=F,S&P 500 Futures,futures,6826.75,-0.0047744004665063,yfinance
2025-12-02,ES=F,S&P 500 Futures,futures,6840.25,0.0019775149229135,yfinance
2025-12-03,ES=F,S&P 500 Futures,futures,6862.0,0.0031797083439932,yfinance
2025-12-04,ES=F,S&P 500 Futures,futures,6866.75,0.0006922180122412,yfinance
2025-12-05,ES=F,S&P 500 Futures,futures,6878.25,0.0016747369570757,yfinance
2025-12-08,ES=F,S&P 500 Futures,futures,6855.75,-0.0032711808963035,yfinance
2025-12-09,ES=F,S&P 500 Futures,futures,6848.25,-0.0010939722131058,yfinance
2025-12-10,ES=F,S&P 500 Futures,futures,6891.75,0.0063519877340927,yfinance
2025-12-11,ES=F,S&P 500 Futures,futures,6907.25,0.0022490659121412,yfinance
2025-12-12,ES=F,S&P 500 Futures,futures,6830.75,-0.011075319410764,yfinance
2025-12-15,ES=F,S&P 500 Futures,futures,6823.0,-0.0011345752662591,yfinance
2025-12-16,ES=F,S&P 500 Futures,futures,6801.0,-0.0032243880990766,yfinance
2025-12-17,ES=F,S&P 500 Futures,futures,6726.5,-0.0109542714306719,yfinance
2025-12-18,ES=F,S&P 500 Futures,futures,6778.25,0.0076934512748085,yfinance
2025-12-19,ES=F,S&P 500 Futures,futures,6796.54003906,0.0026983423542212,yfinance
2025-12-22,ES=F,S&P 500 Futures,futures,6930.25,0.0196732396438503,yfinance
2025-12-23,ES=F,S&P 500 Futures,futures,6961.0,0.0044370693697919,yfinance
2025-12-24,ES=F,S&P 500 Futures,futures,6982.5,0.0030886366901308,yfinance
2025-12-26,ES=F,S&P 500 Futures,futures,6979.25,-0.0004654493376298,yfinance
2025-12-29,ES=F,S&P 500 Futures,futures,6955.0,-0.003474585378085,yfinance
2025-12-30,ES=F,S&P 500 Futures,futures,6944.25,-0.0015456506110711,yfinance
2025-12-31,ES=F,S&P 500 Futures,futures,6892.5,-0.0074522086618424,yfinance
2026-01-02,ES=F,S&P 500 Futures,futures,6900.5,0.0011606819006166,yfinance
2026-01-05,ES=F,S&P 500 Futures,futures,6943.75,0.0062676617636403,yfinance
2026-01-06,ES=F,S&P 500 Futures,futures,6987.75,0.0063366336633663,yfinance
2026-01-07,ES=F,S&P 500 Futures,futures,6963.25,-0.0035061357375406,yfinance
2026-01-08,ES=F,S&P 500 Futures,futures,6962.0,-0.0001795138764226,yfinance
2026-01-09,ES=F,S&P 500 Futures,futures,7005.0,0.0061763860959493,yfinance
2026-01-12,ES=F,S&P 500 Futures,futures,7016.5,0.0016416845110636,yfinance
2026-01-13,ES=F,S&P 500 Futures,futures,7001.75,-0.0021021877004204,yfinance
2026-01-14,ES=F,S&P 500 Futures,futures,6966.25,-0.0050701610311707,yfinance
2026-01-15,ES=F,S&P 500 Futures,futures,6981.75,0.0022250134577426,yfinance
2026-01-16,ES=F,S&P 500 Futures,futures,6976.75,-0.0007161528270133,yfinance
2026-01-20,ES=F,S&P 500 Futures,futures,6829.5,-0.0211058157451535,yfinance
2026-01-21,ES=F,S&P 500 Futures,futures,6910.0,0.0117871000805329,yfinance
2026-01-22,ES=F,S&P 500 Futures,futures,6945.0,0.0050651230101301,yfinance
2026-01-23,ES=F,S&P 500 Futures,futures,6945.75,0.0001079913606911,yfinance
2026-01-26,ES=F,S&P 500 Futures,futures,6981.25,0.0051110391246445,yfinance
2026-01-27,ES=F,S&P 500 Futures,futures,7008.5,0.0039033124440466,yfinance
2026-01-28,ES=F,S&P 500 Futures,futures,7007.25,-0.000178354854819,yfinance
2026-01-29,ES=F,S&P 500 Futures,futures,6992.75,-0.0020692853829962,yfinance
2026-01-30,ES=F,S&P 500 Futures,futures,6965.75,-0.0038611418969647,yfinance
2026-02-02,ES=F,S&P 500 Futures,futures,7002.5,0.0052758138032515,yfinance
2026-02-03,ES=F,S&P 500 Futures,futures,6941.75,-0.0086754730453409,yfinance
2026-02-04,ES=F,S&P 500 Futures,futures,6906.25,-0.0051139842258796,yfinance
2026-02-05,ES=F,S&P 500 Futures,futures,6820.75,-0.0123800904977375,yfinance
2026-02-06,ES=F,S&P 500 Futures,futures,6952.75,0.0193527104790529,yfinance
2026-02-09,ES=F,S&P 500 Futures,futures,6983.25,0.0043867534428823,yfinance
2026-02-10,ES=F,S&P 500 Futures,futures,6961.5,-0.003114595639566,yfinance
2026-02-11,ES=F,S&P 500 Futures,futures,6960.5,-0.0001436472024707,yfinance
2026-02-12,ES=F,S&P 500 Futures,futures,6851.0,-0.0157316284749658,yfinance
2026-02-13,ES=F,S&P 500 Futures,futures,6850.5,-7.2982046416592e-05,yfinance
2026-02-17,ES=F,S&P 500 Futures,futures,6860.5,0.0014597474636888,yfinance
2026-02-18,ES=F,S&P 500 Futures,futures,6894.25,0.0049194665111871,yfinance
2026-02-19,ES=F,S&P 500 Futures,futures,6877.0,-0.0025020850708924,yfinance
2026-02-20,ES=F,S&P 500 Futures,futures,6923.25,0.00672531627163,yfinance
2026-02-23,ES=F,S&P 500 Futures,futures,6851.5,-0.0103636297981439,yfinance
2026-02-24,ES=F,S&P 500 Futures,futures,6903.75,0.0076260672845362,yfinance
2026-02-25,ES=F,S&P 500 Futures,futures,6959.75,0.0081115335868187,yfinance
2026-02-26,ES=F,S&P 500 Futures,futures,6920.0,-0.0057114120478465,yfinance
2026-02-27,ES=F,S&P 500 Futures,futures,6889.0,-0.0044797687861272,yfinance
2026-03-02,ES=F,S&P 500 Futures,futures,6888.25,-0.0001088692117868,yfinance
2026-03-03,ES=F,S&P 500 Futures,futures,6824.75,-0.0092185968860015,yfinance
2026-03-04,ES=F,S&P 500 Futures,futures,6876.0,0.007509432579948,yfinance
2026-03-05,ES=F,S&P 500 Futures,futures,6835.25,-0.0059264107038976,yfinance
2026-03-06,ES=F,S&P 500 Futures,futures,6743.75,-0.0133864891554807,yfinance
2026-03-09,ES=F,S&P 500 Futures,futures,6801.0,0.0084893419833178,yfinance
2026-03-10,ES=F,S&P 500 Futures,futures,6787.25,-0.0020217615056609,yfinance
2026-03-11,ES=F,S&P 500 Futures,futures,6779.5,-0.0011418468451876,yfinance
2026-03-12,ES=F,S&P 500 Futures,futures,6677.5,-0.0150453573272365,yfinance
2026-03-13,ES=F,S&P 500 Futures,futures,6636.0,-0.0062149007862224,yfinance
2026-03-16,ES=F,S&P 500 Futures,futures,6704.75,0.0103601567209161,yfinance
2026-03-17,ES=F,S&P 500 Futures,futures,6721.75,0.0025355158656177,yfinance
2026-03-18,ES=F,S&P 500 Futures,futures,6626.0,-0.0142448023208241,yfinance
2026-03-19,ES=F,S&P 500 Futures,futures,6609.25,-0.0025279203139149,yfinance
2026-03-20,ES=F,S&P 500 Futures,futures,6594.62988281,-0.0022120690225819,yfinance
2026-03-23,ES=F,S&P 500 Futures,futures,6634.75,0.0060837557073618,yfinance
2026-03-24,ES=F,S&P 500 Futures,futures,6606.0,-0.0043332454124118,yfinance
2026-03-25,ES=F,S&P 500 Futures,futures,6640.75,0.0052603693611867,yfinance
2026-03-26,ES=F,S&P 500 Futures,futures,6525.0,-0.0174302601362797,yfinance
2026-03-27,ES=F,S&P 500 Futures,futures,6412.25,-0.01727969348659,yfinance
2026-03-30,ES=F,S&P 500 Futures,futures,6388.25,-0.0037428359780108,yfinance
2026-03-31,ES=F,S&P 500 Futures,futures,6570.75,0.0285680741987242,yfinance
2026-04-01,ES=F,S&P 500 Futures,futures,6617.75,0.007152912529011,yfinance
2026-04-02,ES=F,S&P 500 Futures,futures,6622.25,0.0006799894223867,yfinance
2026-04-06,ES=F,S&P 500 Futures,futures,6651.0,0.0043414247423458,yfinance
2026-04-07,ES=F,S&P 500 Futures,futures,6656.75,0.000864531649376,yfinance
2026-04-08,ES=F,S&P 500 Futures,futures,6823.75,0.0250873173846095,yfinance
2026-04-09,ES=F,S&P 500 Futures,futures,6863.25,0.0057886059717897,yfinance
2026-04-10,ES=F,S&P 500 Futures,futures,6855.25,-0.0011656285287582,yfinance
2026-04-13,ES=F,S&P 500 Futures,futures,6922.75,0.0098464680354473,yfinance
2026-04-14,ES=F,S&P 500 Futures,futures,7004.75,0.0118450037918458,yfinance
2026-04-15,ES=F,S&P 500 Futures,futures,7060.5,0.0079588850422926,yfinance
2026-04-16,ES=F,S&P 500 Futures,futures,7077.0,0.0023369449755683,yfinance
2026-04-17,ES=F,S&P 500 Futures,futures,7161.5,0.0119400876077433,yfinance
2026-04-20,ES=F,S&P 500 Futures,futures,7148.0,-0.0018850799413531,yfinance
2026-04-21,ES=F,S&P 500 Futures,futures,7100.0,-0.0067151650811415,yfinance
2026-04-22,ES=F,S&P 500 Futures,futures,7171.25,0.0100352112676056,yfinance
2026-04-23,ES=F,S&P 500 Futures,futures,7143.5,-0.0038696182673871,yfinance
2026-04-24,ES=F,S&P 500 Futures,futures,7194.75,0.0071743543081121,yfinance
2026-04-27,ES=F,S&P 500 Futures,futures,7206.0,0.0015636401542791,yfinance
2026-04-28,ES=F,S&P 500 Futures,futures,7171.0,-0.0048570635581459,yfinance
2026-04-29,ES=F,S&P 500 Futures,futures,7168.0,-0.0004183516943243,yfinance
2026-04-30,ES=F,S&P 500 Futures,futures,7243.75,0.0105678013392858,yfinance
2026-05-01,ES=F,S&P 500 Futures,futures,7258.0,0.0019672131147541,yfinance
2026-05-04,ES=F,S&P 500 Futures,futures,7230.25,-0.0038233673188206,yfinance
2026-05-05,ES=F,S&P 500 Futures,futures,7287.25,0.0078835448290168,yfinance
2026-05-06,ES=F,S&P 500 Futures,futures,7389.5,0.0140313561357166,yfinance
2026-05-07,ES=F,S&P 500 Futures,futures,7363.0,-0.0035861695649231,yfinance
2026-05-08,ES=F,S&P 500 Futures,futures,7419.0,0.007605595545294,yfinance
2026-05-11,ES=F,S&P 500 Futures,futures,7436.75,0.0023925057285347,yfinance
2026-05-12,ES=F,S&P 500 Futures,futures,7426.5,-0.001378290247756,yfinance
2026-05-13,ES=F,S&P 500 Futures,futures,7469.5,0.0057900760789066,yfinance
2026-05-14,ES=F,S&P 500 Futures,futures,7525.5,0.0074971550973961,yfinance
2026-05-15,ES=F,S&P 500 Futures,futures,7432.25,-0.0123912032423094,yfinance
2026-05-18,ES=F,S&P 500 Futures,futures,7425.75,-0.000874566921188,yfinance
2026-05-19,ES=F,S&P 500 Futures,futures,7378.0,-0.0064303269030063,yfinance
2026-05-20,ES=F,S&P 500 Futures,futures,7451.75,0.009995933857414,yfinance
2026-05-21,ES=F,S&P 500 Futures,futures,7466.0,0.0019123024792833,yfinance
2026-05-22,ES=F,S&P 500 Futures,futures,7491.0,0.0033485132601125,yfinance
2026-05-26,ES=F,S&P 500 Futures,futures,7537.0,0.0061407021759445,yfinance
2026-05-27,ES=F,S&P 500 Futures,futures,7540.0,0.000398036353987,yfinance
2026-05-28,ES=F,S&P 500 Futures,futures,7581.75,0.0055371352785145,yfinance
2026-05-29,ES=F,S&P 500 Futures,futures,7595.75,0.0018465393873445,yfinance
2026-06-01,ES=F,S&P 500 Futures,futures,7613.25,0.0023039199552381,yfinance
2026-06-02,ES=F,S&P 500 Futures,futures,7623.75,0.0013791744655697,yfinance
2026-06-03,ES=F,S&P 500 Futures,futures,7571.75,-0.0068207902934906,yfinance
2026-06-04,ES=F,S&P 500 Futures,futures,7601.0,0.0038630435500379,yfinance
2026-06-05,ES=F,S&P 500 Futures,futures,7400.5,-0.0263781081436652,yfinance
2026-06-08,ES=F,S&P 500 Futures,futures,7416.0,0.0020944530774946,yfinance
2026-06-09,ES=F,S&P 500 Futures,futures,7392.75,-0.0031351132686083,yfinance
2026-06-10,ES=F,S&P 500 Futures,futures,7278.5,-0.015454330255994,yfinance
2026-06-11,ES=F,S&P 500 Futures,futures,7396.0,0.0161434361475578,yfinance
2026-06-12,ES=F,S&P 500 Futures,futures,7423.25,0.00368442401298,yfinance
2025-01-02,YM=F,Dow Jones Futures,futures,42694.0,,yfinance
2025-01-03,YM=F,Dow Jones Futures,futures,43021.0,0.0076591558532814,yfinance
2025-01-06,YM=F,Dow Jones Futures,futures,42982.0,-0.0009065340182701,yfinance
2025-01-07,YM=F,Dow Jones Futures,futures,42803.0,-0.0041645339909729,yfinance
2025-01-08,YM=F,Dow Jones Futures,futures,42878.0,0.0017522136298857,yfinance
2025-01-09,YM=F,Dow Jones Futures,futures,42822.0,-0.0013060310648818,yfinance
2025-01-10,YM=F,Dow Jones Futures,futures,42160.0,-0.0154593433281957,yfinance
2025-01-13,YM=F,Dow Jones Futures,futures,42523.0,0.0086100569259961,yfinance
2025-01-14,YM=F,Dow Jones Futures,futures,42752.0,0.0053853208851679,yfinance
2025-01-15,YM=F,Dow Jones Futures,futures,43466.0,0.0167009730538922,yfinance
2025-01-16,YM=F,Dow Jones Futures,futures,43372.0,-0.0021626098559793,yfinance
2025-01-17,YM=F,Dow Jones Futures,futures,43695.0,0.0074472009591441,yfinance
2025-01-21,YM=F,Dow Jones Futures,futures,44238.0,0.012427051150017,yfinance
2025-01-22,YM=F,Dow Jones Futures,futures,44353.0,0.0025995750259957,yfinance
2025-01-23,YM=F,Dow Jones Futures,futures,44749.0,0.008928370121525,yfinance
2025-01-24,YM=F,Dow Jones Futures,futures,44602.0,-0.0032849896087063,yfinance
2025-01-27,YM=F,Dow Jones Futures,futures,44904.0,0.0067709968162863,yfinance
2025-01-28,YM=F,Dow Jones Futures,futures,45031.0,0.0028282558346695,yfinance
2025-01-29,YM=F,Dow Jones Futures,futures,44890.0,-0.0031311763007705,yfinance
2025-01-30,YM=F,Dow Jones Futures,futures,45055.0,0.0036756515927822,yfinance
2025-01-31,YM=F,Dow Jones Futures,futures,44698.0,-0.0079236488735989,yfinance
2025-02-03,YM=F,Dow Jones Futures,futures,44565.0,-0.0029755246319745,yfinance
2025-02-04,YM=F,Dow Jones Futures,futures,44697.0,0.0029619656681252,yfinance
2025-02-05,YM=F,Dow Jones Futures,futures,45004.0,0.0068684699196814,yfinance
2025-02-06,YM=F,Dow Jones Futures,futures,44863.0,-0.0031330548395698,yfinance
2025-02-07,YM=F,Dow Jones Futures,futures,44421.0,-0.0098522167487684,yfinance
2025-02-10,YM=F,Dow Jones Futures,futures,44580.0,0.003579388127237,yfinance
2025-02-11,YM=F,Dow Jones Futures,futures,44708.0,0.0028712427097352,yfinance
2025-02-12,YM=F,Dow Jones Futures,futures,44462.0,-0.0055023709403239,yfinance
2025-02-13,YM=F,Dow Jones Futures,futures,44811.0,0.0078493994872026,yfinance
2025-02-14,YM=F,Dow Jones Futures,futures,44635.0,-0.0039276070607663,yfinance
2025-02-18,YM=F,Dow Jones Futures,futures,44643.0,0.0001792315447519,yfinance
2025-02-19,YM=F,Dow Jones Futures,futures,44711.0,0.0015231951257757,yfinance
2025-02-20,YM=F,Dow Jones Futures,futures,44268.0,-0.0099080763123168,yfinance
2025-02-21,YM=F,Dow Jones Futures,futures,43486.0,-0.0176651305683563,yfinance
2025-02-24,YM=F,Dow Jones Futures,futures,43535.0,0.0011267994297015,yfinance
2025-02-25,YM=F,Dow Jones Futures,futures,43690.0,0.0035603537383714,yfinance
2025-02-26,YM=F,Dow Jones Futures,futures,43506.0,-0.0042114900434881,yfinance
2025-02-27,YM=F,Dow Jones Futures,futures,43297.0,-0.0048039350894129,yfinance
2025-02-28,YM=F,Dow Jones Futures,futures,43889.0,0.0136730027484583,yfinance
2025-03-03,YM=F,Dow Jones Futures,futures,43247.0,-0.0146278110688327,yfinance
2025-03-04,YM=F,Dow Jones Futures,futures,42594.0,-0.0150993132471616,yfinance
2025-03-05,YM=F,Dow Jones Futures,futures,43066.0,0.0110813729633281,yfinance
2025-03-06,YM=F,Dow Jones Futures,futures,42616.0,-0.0104490781591046,yfinance
2025-03-07,YM=F,Dow Jones Futures,futures,42838.0,0.00520931105688,yfinance
2025-03-10,YM=F,Dow Jones Futures,futures,41947.0,-0.0207992903496895,yfinance
2025-03-11,YM=F,Dow Jones Futures,futures,41475.0,-0.0112522945621855,yfinance
2025-03-12,YM=F,Dow Jones Futures,futures,41395.0,-0.0019288728149488,yfinance
2025-03-13,YM=F,Dow Jones Futures,futures,40863.0,-0.0128517936948906,yfinance
2025-03-14,YM=F,Dow Jones Futures,futures,41510.0,0.0158333945133739,yfinance
2025-03-17,YM=F,Dow Jones Futures,futures,41883.0,0.008985786557456,yfinance
2025-03-18,YM=F,Dow Jones Futures,futures,41600.0,-0.0067569180813217,yfinance
2025-03-19,YM=F,Dow Jones Futures,futures,41995.0,0.0094951923076922,yfinance
2025-03-20,YM=F,Dow Jones Futures,futures,41961.0,-0.0008096201928801,yfinance
2025-03-21,YM=F,Dow Jones Futures,futures,41620.0,-0.0081265937418079,yfinance
2025-03-24,YM=F,Dow Jones Futures,futures,42898.0,0.0307063911580971,yfinance
2025-03-25,YM=F,Dow Jones Futures,futures,42906.0,0.0001864888806004,yfinance
2025-03-26,YM=F,Dow Jones Futures,futures,42746.0,-0.0037290821796485,yfinance
2025-03-27,YM=F,Dow Jones Futures,futures,42602.0,-0.0033687362560239,yfinance
2025-03-28,YM=F,Dow Jones Futures,futures,41851.0,-0.0176282803624242,yfinance
2025-03-31,YM=F,Dow Jones Futures,futures,42259.0,0.0097488709947193,yfinance
2025-04-01,YM=F,Dow Jones Futures,futures,42241.0,-0.0004259447691615,yfinance
2025-04-02,YM=F,Dow Jones Futures,futures,42492.0,0.0059420941739067,yfinance
2025-04-03,YM=F,Dow Jones Futures,futures,40776.0,-0.0403840722959616,yfinance
2025-04-04,YM=F,Dow Jones Futures,futures,38530.0,-0.055081420443398,yfinance
2025-04-07,YM=F,Dow Jones Futures,futures,38165.0,-0.0094731378146898,yfinance
2025-04-08,YM=F,Dow Jones Futures,futures,37862.0,-0.0079392113192715,yfinance
2025-04-09,YM=F,Dow Jones Futures,futures,40836.0,0.0785484126564892,yfinance
2025-04-10,YM=F,Dow Jones Futures,futures,39797.0,-0.0254432363600743,yfinance
2025-04-11,YM=F,Dow Jones Futures,futures,40399.0,0.0151267683493729,yfinance
2025-04-14,YM=F,Dow Jones Futures,futures,40741.0,0.0084655560781208,yfinance
2025-04-15,YM=F,Dow Jones Futures,futures,40575.0,-0.0040745195257848,yfinance
2025-04-16,YM=F,Dow Jones Futures,futures,39853.0,-0.0177942082563155,yfinance
2025-04-17,YM=F,Dow Jones Futures,futures,39329.0,-0.0131483200762803,yfinance
2025-04-21,YM=F,Dow Jones Futures,futures,38328.0,-0.0254519565714866,yfinance
2025-04-22,YM=F,Dow Jones Futures,futures,39357.0,0.0268472135253601,yfinance
2025-04-23,YM=F,Dow Jones Futures,futures,39775.0,0.01062072820591,yfinance
2025-04-24,YM=F,Dow Jones Futures,futures,40262.0,0.0122438717787554,yfinance
2025-04-25,YM=F,Dow Jones Futures,futures,40254.0,-0.0001986985246634,yfinance
2025-04-28,YM=F,Dow Jones Futures,futures,40368.0,0.0028320166939932,yfinance
2025-04-29,YM=F,Dow Jones Futures,futures,40658.0,0.007183908045977,yfinance
2025-04-30,YM=F,Dow Jones Futures,futures,40770.0,0.0027546854247626,yfinance
2025-05-01,YM=F,Dow Jones Futures,futures,40855.0,0.0020848663232768,yfinance
2025-05-02,YM=F,Dow Jones Futures,futures,41427.0,0.0140007343042467,yfinance
2025-05-05,YM=F,Dow Jones Futures,futures,41319.0,-0.0026069954377579,yfinance
2025-05-06,YM=F,Dow Jones Futures,futures,40918.0,-0.0097049783392627,yfinance
2025-05-07,YM=F,Dow Jones Futures,futures,41214.0,0.0072339801554328,yfinance
2025-05-08,YM=F,Dow Jones Futures,futures,41468.0,0.0061629543359051,yfinance
2025-05-09,YM=F,Dow Jones Futures,futures,41323.0,-0.0034966721327288,yfinance
2025-05-12,YM=F,Dow Jones Futures,futures,42493.0,0.028313529995402,yfinance
2025-05-13,YM=F,Dow Jones Futures,futures,42228.0,-0.0062363212764455,yfinance
2025-05-14,YM=F,Dow Jones Futures,futures,42117.0,-0.0026285876669508,yfinance
2025-05-15,YM=F,Dow Jones Futures,futures,42385.0,0.0063632262506825,yfinance
2025-05-16,YM=F,Dow Jones Futures,futures,42736.0,0.0082812315677716,yfinance
2025-05-19,YM=F,Dow Jones Futures,futures,42885.0,0.0034865219019093,yfinance
2025-05-20,YM=F,Dow Jones Futures,futures,42772.0,-0.0026349539466014,yfinance
2025-05-21,YM=F,Dow Jones Futures,futures,41947.0,-0.0192883194613298,yfinance
2025-05-22,YM=F,Dow Jones Futures,futures,41925.0,-0.000524471356712,yfinance
2025-05-23,YM=F,Dow Jones Futures,futures,41674.0,-0.0059868813357185,yfinance
2025-05-27,YM=F,Dow Jones Futures,futures,42410.0,0.0176608916830638,yfinance
2025-05-28,YM=F,Dow Jones Futures,futures,42170.0,-0.0056590426786135,yfinance
2025-05-29,YM=F,Dow Jones Futures,futures,42267.0,0.0023002134218639,yfinance
2025-05-30,YM=F,Dow Jones Futures,futures,42294.0,0.0006387962240046,yfinance
2025-06-02,YM=F,Dow Jones Futures,futures,42374.0,0.00189152125597,yfinance
2025-06-03,YM=F,Dow Jones Futures,futures,42598.0,0.0052862604427244,yfinance
2025-06-04,YM=F,Dow Jones Futures,futures,42500.0,-0.002300577491901,yfinance
2025-06-05,YM=F,Dow Jones Futures,futures,42369.0,-0.0030823529411764,yfinance
2025-06-06,YM=F,Dow Jones Futures,futures,42809.0,0.0103849512615354,yfinance
2025-06-09,YM=F,Dow Jones Futures,futures,42796.0,-0.0003036744609777,yfinance
2025-06-10,YM=F,Dow Jones Futures,futures,42911.0,0.0026871670249555,yfinance
2025-06-11,YM=F,Dow Jones Futures,futures,42908.0,-6.991214373941457e-05,yfinance
2025-06-12,YM=F,Dow Jones Futures,futures,42990.0,0.0019110655355645,yfinance
2025-06-13,YM=F,Dow Jones Futures,futures,42207.0,-0.0182135380321004,yfinance
2025-06-16,YM=F,Dow Jones Futures,futures,42537.0,0.0078186082877247,yfinance
2025-06-17,YM=F,Dow Jones Futures,futures,42228.0,-0.0072642640524719,yfinance
2025-06-18,YM=F,Dow Jones Futures,futures,42188.0,-0.0009472387989012,yfinance
2025-06-20,YM=F,Dow Jones Futures,futures,42356.0,0.0039821750260737,yfinance
2025-06-23,YM=F,Dow Jones Futures,futures,42901.0,0.0128671262631032,yfinance
2025-06-24,YM=F,Dow Jones Futures,futures,43424.0,0.0121908580219576,yfinance
2025-06-25,YM=F,Dow Jones Futures,futures,43306.0,-0.0027173913043477,yfinance
2025-06-26,YM=F,Dow Jones Futures,futures,43718.0,0.0095136932526671,yfinance
2025-06-27,YM=F,Dow Jones Futures,futures,44125.0,0.0093096664989249,yfinance
2025-06-30,YM=F,Dow Jones Futures,futures,44389.0,0.0059830028328611,yfinance
2025-07-01,YM=F,Dow Jones Futures,futures,44807.0,0.009416747392372,yfinance
2025-07-02,YM=F,Dow Jones Futures,futures,44776.0,-0.0006918561831856,yfinance
2025-07-03,YM=F,Dow Jones Futures,futures,45098.0,0.0071913525102733,yfinance
2025-07-04,YM=F,Dow Jones Futures,futures,44847.0,-0.0055656570136147,yfinance
2025-07-07,YM=F,Dow Jones Futures,futures,44677.0,-0.0037906660423217,yfinance
2025-07-08,YM=F,Dow Jones Futures,futures,44512.0,-0.0036931754594086,yfinance
2025-07-09,YM=F,Dow Jones Futures,futures,44719.0,0.0046504313443564,yfinance
2025-07-10,YM=F,Dow Jones Futures,futures,44908.0,0.0042263914667144,yfinance
2025-07-11,YM=F,Dow Jones Futures,futures,44599.0,-0.0068807339449541,yfinance
2025-07-14,YM=F,Dow Jones Futures,futures,44692.0,0.0020852485481737,yfinance
2025-07-15,YM=F,Dow Jones Futures,futures,44247.0,-0.0099570392911483,yfinance
2025-07-16,YM=F,Dow Jones Futures,futures,44459.0,0.0047912852848781,yfinance
2025-07-17,YM=F,Dow Jones Futures,futures,44718.0,0.0058255921185812,yfinance
2025-07-18,YM=F,Dow Jones Futures,futures,44540.0,-0.0039805000223623,yfinance
2025-07-21,YM=F,Dow Jones Futures,futures,44547.0,0.0001571621014817,yfinance
2025-07-22,YM=F,Dow Jones Futures,futures,44711.0,0.0036815049273801,yfinance
2025-07-23,YM=F,Dow Jones Futures,futures,45214.0,0.0112500279573259,yfinance
2025-07-24,YM=F,Dow Jones Futures,futures,44899.0,-0.0069668686689963,yfinance
2025-07-25,YM=F,Dow Jones Futures,futures,45084.0,0.0041203590280407,yfinance
2025-07-28,YM=F,Dow Jones Futures,futures,45012.0,-0.0015970188980569,yfinance
2025-07-29,YM=F,Dow Jones Futures,futures,44816.0,-0.0043543943837198,yfinance
2025-07-30,YM=F,Dow Jones Futures,futures,44633.0,-0.0040833630846126,yfinance
2025-07-31,YM=F,Dow Jones Futures,futures,44305.0,-0.0073488226200345,yfinance
2025-08-01,YM=F,Dow Jones Futures,futures,43710.0,-0.0134296354813227,yfinance
2025-08-04,YM=F,Dow Jones Futures,futures,44303.0,0.0135666895447266,yfinance
2025-08-05,YM=F,Dow Jones Futures,futures,44236.0,-0.0015123129359185,yfinance
2025-08-06,YM=F,Dow Jones Futures,futures,44312.0,0.0017180576905688,yfinance
2025-08-07,YM=F,Dow Jones Futures,futures,44080.0,-0.0052356020942407,yfinance
2025-08-08,YM=F,Dow Jones Futures,futures,44278.0,0.0044918330308529,yfinance
2025-08-11,YM=F,Dow Jones Futures,futures,44084.0,-0.0043814083743619,yfinance
2025-08-12,YM=F,Dow Jones Futures,futures,44558.0,0.0107522003447964,yfinance
2025-08-13,YM=F,Dow Jones Futures,futures,45025.0,0.0104807217559137,yfinance
2025-08-14,YM=F,Dow Jones Futures,futures,44997.0,-0.0006218767351471,yfinance
2025-08-15,YM=F,Dow Jones Futures,futures,45040.0,0.0009556192635065,yfinance
2025-08-18,YM=F,Dow Jones Futures,futures,44986.0,-0.0011989342806394,yfinance
2025-08-19,YM=F,Dow Jones Futures,futures,44999.0,0.0002889787934023,yfinance
2025-08-20,YM=F,Dow Jones Futures,futures,44995.0,-8.889086424146431e-05,yfinance
2025-08-21,YM=F,Dow Jones Futures,futures,44854.0,-0.0031336815201689,yfinance
2025-08-22,YM=F,Dow Jones Futures,futures,45715.0,0.0191956124314442,yfinance
2025-08-25,YM=F,Dow Jones Futures,futures,45351.0,-0.0079623755878814,yfinance
2025-08-26,YM=F,Dow Jones Futures,futures,45489.0,0.0030429317986373,yfinance
2025-08-27,YM=F,Dow Jones Futures,futures,45642.0,0.0033634505045174,yfinance
2025-08-28,YM=F,Dow Jones Futures,futures,45706.0,0.0014022172560361,yfinance
2025-08-29,YM=F,Dow Jones Futures,futures,45601.0,-0.0022972913840633,yfinance
2025-09-02,YM=F,Dow Jones Futures,futures,45351.0,-0.005482335913686,yfinance
2025-09-03,YM=F,Dow Jones Futures,futures,45308.0,-0.000948159908271,yfinance
2025-09-04,YM=F,Dow Jones Futures,futures,45688.0,0.0083870398163679,yfinance
2025-09-05,YM=F,Dow Jones Futures,futures,45459.0,-0.0050122570478025,yfinance
2025-09-08,YM=F,Dow Jones Futures,futures,45575.0,0.002551749928507,yfinance
2025-09-09,YM=F,Dow Jones Futures,futures,45757.0,0.0039934174437739,yfinance
2025-09-10,YM=F,Dow Jones Futures,futures,45540.0,-0.0047424437790939,yfinance
2025-09-11,YM=F,Dow Jones Futures,futures,46141.0,0.0131971892841458,yfinance
2025-09-12,YM=F,Dow Jones Futures,futures,45854.0,-0.0062200645846427,yfinance
2025-09-15,YM=F,Dow Jones Futures,futures,45921.0,0.0014611593317921,yfinance
2025-09-16,YM=F,Dow Jones Futures,futures,45784.0,-0.002983384508177,yfinance
2025-09-17,YM=F,Dow Jones Futures,futures,46021.0,0.0051764808666783,yfinance
2025-09-18,YM=F,Dow Jones Futures,futures,46168.0,0.0031941939549335,yfinance
2025-09-19,YM=F,Dow Jones Futures,futures,46328.0,0.0034656038814764,yfinance
2025-09-22,YM=F,Dow Jones Futures,futures,46724.0,0.0085477465031946,yfinance
2025-09-23,YM=F,Dow Jones Futures,futures,46637.0,-0.0018619981165995,yfinance
2025-09-24,YM=F,Dow Jones Futures,futures,46441.0,-0.0042026716984369,yfinance
2025-09-25,YM=F,Dow Jones Futures,futures,46268.0,-0.0037251566503735,yfinance
2025-09-26,YM=F,Dow Jones Futures,futures,46556.0,0.006224604478257,yfinance
2025-09-29,YM=F,Dow Jones Futures,futures,46612.0,0.0012028524787353,yfinance
2025-09-30,YM=F,Dow Jones Futures,futures,46689.0,0.0016519351240023,yfinance
2025-10-01,YM=F,Dow Jones Futures,futures,46725.0,0.0007710595643513,yfinance
2025-10-02,YM=F,Dow Jones Futures,futures,46806.0,0.0017335473515249,yfinance
2025-10-03,YM=F,Dow Jones Futures,futures,47031.0,0.0048070760158953,yfinance
2025-10-06,YM=F,Dow Jones Futures,futures,46958.0,-0.0015521677191639,yfinance
2025-10-07,YM=F,Dow Jones Futures,futures,46852.0,-0.002257336343115,yfinance
2025-10-08,YM=F,Dow Jones Futures,futures,46867.0,0.0003201570904123,yfinance
2025-10-09,YM=F,Dow Jones Futures,futures,46593.0,-0.0058463311071755,yfinance
2025-10-10,YM=F,Dow Jones Futures,futures,45706.0,-0.0190371944283476,yfinance
2025-10-13,YM=F,Dow Jones Futures,futures,46298.0,0.0129523476130049,yfinance
2025-10-14,YM=F,Dow Jones Futures,futures,46500.0,0.0043630394401485,yfinance
2025-10-15,YM=F,Dow Jones Futures,futures,46492.0,-0.0001720430107526,yfinance
2025-10-16,YM=F,Dow Jones Futures,futures,46160.0,-0.0071410135077002,yfinance
2025-10-17,YM=F,Dow Jones Futures,futures,46381.0,0.0047876949740035,yfinance
2025-10-20,YM=F,Dow Jones Futures,futures,46913.0,0.0114702140962894,yfinance
2025-10-21,YM=F,Dow Jones Futures,futures,47135.0,0.0047321637925521,yfinance
2025-10-22,YM=F,Dow Jones Futures,futures,46782.0,-0.007489126975708,yfinance
2025-10-23,YM=F,Dow Jones Futures,futures,46922.0,0.0029926039929888,yfinance
2025-10-24,YM=F,Dow Jones Futures,futures,47396.0,0.0101018711904863,yfinance
2025-10-27,YM=F,Dow Jones Futures,futures,47712.0,0.0066672293020508,yfinance
2025-10-28,YM=F,Dow Jones Futures,futures,47895.0,0.0038355130784708,yfinance
2025-10-29,YM=F,Dow Jones Futures,futures,47797.0,-0.002046142603612,yfinance
2025-10-30,YM=F,Dow Jones Futures,futures,47677.0,-0.0025106178212022,yfinance
2025-10-31,YM=F,Dow Jones Futures,futures,47722.0,0.0009438513329278,yfinance
2025-11-03,YM=F,Dow Jones Futures,futures,47473.0,-0.005217719290893,yfinance
2025-11-04,YM=F,Dow Jones Futures,futures,47214.0,-0.0054557327322899,yfinance
2025-11-05,YM=F,Dow Jones Futures,futures,47436.0,0.0047019951709239,yfinance
2025-11-06,YM=F,Dow Jones Futures,futures,47028.0,-0.0086010624841892,yfinance
2025-11-07,YM=F,Dow Jones Futures,futures,47085.0,0.001212043888747,yfinance
2025-11-10,YM=F,Dow Jones Futures,futures,47462.0,0.0080067962196028,yfinance
2025-11-11,YM=F,Dow Jones Futures,futures,48030.0,0.0119674687118116,yfinance
2025-11-12,YM=F,Dow Jones Futures,futures,48368.0,0.007037268373933,yfinance
2025-11-13,YM=F,Dow Jones Futures,futures,47547.0,-0.0169740324181276,yfinance
2025-11-14,YM=F,Dow Jones Futures,futures,47229.0,-0.0066881191242349,yfinance
2025-11-17,YM=F,Dow Jones Futures,futures,46665.0,-0.0119418154100234,yfinance
2025-11-18,YM=F,Dow Jones Futures,futures,46184.0,-0.0103075109825351,yfinance
2025-11-19,YM=F,Dow Jones Futures,futures,46208.0,0.0005196604884809,yfinance
2025-11-20,YM=F,Dow Jones Futures,futures,45825.0,-0.008288608033241,yfinance
2025-11-21,YM=F,Dow Jones Futures,futures,46321.0,0.0108237861429349,yfinance
2025-11-24,YM=F,Dow Jones Futures,futures,46514.0,0.004166576714665,yfinance
2025-11-25,YM=F,Dow Jones Futures,futures,47179.0,0.0142967708646859,yfinance
2025-11-26,YM=F,Dow Jones Futures,futures,47490.0,0.0065919158947838,yfinance
2025-11-28,YM=F,Dow Jones Futures,futures,47743.0,0.0053274373552327,yfinance
2025-12-01,YM=F,Dow Jones Futures,futures,47352.0,-0.0081896822570848,yfinance
2025-12-02,YM=F,Dow Jones Futures,futures,47544.0,0.0040547389761784,yfinance
2025-12-03,YM=F,Dow Jones Futures,futures,47954.0,0.0086235907790677,yfinance
2025-12-04,YM=F,Dow Jones Futures,futures,47916.0,-0.0007924260749885,yfinance
2025-12-05,YM=F,Dow Jones Futures,futures,48001.0,0.0017739377243508,yfinance
2025-12-08,YM=F,Dow Jones Futures,futures,47793.0,-0.0043332430574363,yfinance
2025-12-09,YM=F,Dow Jones Futures,futures,47613.0,-0.0037662419182725,yfinance
2025-12-10,YM=F,Dow Jones Futures,futures,48107.0,0.0103753176653436,yfinance
2025-12-11,YM=F,Dow Jones Futures,futures,48746.0,0.0132828902238759,yfinance
2025-12-12,YM=F,Dow Jones Futures,futures,48474.0,-0.0055799450211299,yfinance
2025-12-15,YM=F,Dow Jones Futures,futures,48461.0,-0.0002681850063951,yfinance
2025-12-16,YM=F,Dow Jones Futures,futures,48131.0,-0.0068095994717402,yfinance
2025-12-17,YM=F,Dow Jones Futures,futures,47908.0,-0.0046331885894745,yfinance
2025-12-18,YM=F,Dow Jones Futures,futures,47988.0,0.0016698672455539,yfinance
2025-12-19,YM=F,Dow Jones Futures,futures,48090.0,0.0021255313828456,yfinance
2025-12-22,YM=F,Dow Jones Futures,futures,48688.0,0.0124350176751923,yfinance
2025-12-23,YM=F,Dow Jones Futures,futures,48762.0,0.0015198816956949,yfinance
2025-12-24,YM=F,Dow Jones Futures,futures,49029.0,0.0054755752430171,yfinance
2025-12-26,YM=F,Dow Jones Futures,futures,48998.0,-0.0006322788553713,yfinance
2025-12-29,YM=F,Dow Jones Futures,futures,48749.0,-0.0050818400751051,yfinance
2025-12-30,YM=F,Dow Jones Futures,futures,48650.0,-0.0020308108884284,yfinance
2025-12-31,YM=F,Dow Jones Futures,futures,48336.0,-0.0064542651593011,yfinance
2026-01-02,YM=F,Dow Jones Futures,futures,48616.0,0.0057927838464084,yfinance
2026-01-05,YM=F,Dow Jones Futures,futures,49228.0,0.0125884482474905,yfinance
2026-01-06,YM=F,Dow Jones Futures,futures,49721.0,0.0100146258227025,yfinance
2026-01-07,YM=F,Dow Jones Futures,futures,49239.0,-0.0096940930391584,yfinance
2026-01-08,YM=F,Dow Jones Futures,futures,49493.0,0.0051585125611812,yfinance
2026-01-09,YM=F,Dow Jones Futures,futures,49726.0,0.0047077364475784,yfinance
2026-01-12,YM=F,Dow Jones Futures,futures,49809.0,0.0016691469251497,yfinance
2026-01-13,YM=F,Dow Jones Futures,futures,49409.0,-0.0080306771868537,yfinance
2026-01-14,YM=F,Dow Jones Futures,futures,49356.0,-0.0010726790665668,yfinance
2026-01-15,YM=F,Dow Jones Futures,futures,49639.0,0.0057338520139396,yfinance
2026-01-16,YM=F,Dow Jones Futures,futures,49547.0,-0.0018533814138076,yfinance
2026-01-20,YM=F,Dow Jones Futures,futures,48666.0,-0.017781096736432,yfinance
2026-01-21,YM=F,Dow Jones Futures,futures,49265.0,0.012308387786134,yfinance
2026-01-22,YM=F,Dow Jones Futures,futures,49558.0,0.0059474271795392,yfinance
2026-01-23,YM=F,Dow Jones Futures,futures,49263.0,-0.005952621171153,yfinance
2026-01-26,YM=F,Dow Jones Futures,futures,49565.0,0.0061303615289365,yfinance
2026-01-27,YM=F,Dow Jones Futures,futures,49159.0,-0.0081912639967719,yfinance
2026-01-28,YM=F,Dow Jones Futures,futures,49167.0,0.0001627372403831,yfinance
2026-01-29,YM=F,Dow Jones Futures,futures,49170.0,6.101653548107322e-05,yfinance
2026-01-30,YM=F,Dow Jones Futures,futures,49008.0,-0.0032946918852959,yfinance
2026-02-02,YM=F,Dow Jones Futures,futures,49523.0,0.0105084884100554,yfinance
2026-02-03,YM=F,Dow Jones Futures,futures,49350.0,-0.0034933263332188,yfinance
2026-02-04,YM=F,Dow Jones Futures,futures,49589.0,0.0048429584599798,yfinance
2026-02-05,YM=F,Dow Jones Futures,futures,48998.0,-0.011917965677872,yfinance
2026-02-06,YM=F,Dow Jones Futures,futures,50205.0,0.0246336585166742,yfinance
2026-02-09,YM=F,Dow Jones Futures,futures,50219.0,0.0002788566875808,yfinance
2026-02-10,YM=F,Dow Jones Futures,futures,50273.0,0.0010752902287978,yfinance
2026-02-11,YM=F,Dow Jones Futures,futures,50205.0,-0.0013526147236091,yfinance
2026-02-12,YM=F,Dow Jones Futures,futures,49523.0,-0.0135843043521561,yfinance
2026-02-13,YM=F,Dow Jones Futures,futures,49569.0,0.0009288613371565,yfinance
2026-02-17,YM=F,Dow Jones Futures,futures,49612.0,0.0008674776574069,yfinance
2026-02-18,YM=F,Dow Jones Futures,futures,49722.0,0.0022172055147948,yfinance
2026-02-19,YM=F,Dow Jones Futures,futures,49458.0,-0.0053095209364064,yfinance
2026-02-20,YM=F,Dow Jones Futures,futures,49674.0,0.0043673419871406,yfinance
2026-02-23,YM=F,Dow Jones Futures,futures,48849.0,-0.0166082860248821,yfinance
2026-02-24,YM=F,Dow Jones Futures,futures,49236.0,0.0079223730270834,yfinance
2026-02-25,YM=F,Dow Jones Futures,futures,49534.0,0.0060524819237957,yfinance
2026-02-26,YM=F,Dow Jones Futures,futures,49531.0,-6.0564460774403805e-05,yfinance
2026-02-27,YM=F,Dow Jones Futures,futures,49000.0,-0.0107205588419373,yfinance
2026-03-02,YM=F,Dow Jones Futures,futures,48945.0,-0.0011224489795917,yfinance
2026-03-03,YM=F,Dow Jones Futures,futures,48560.0,-0.0078659720093983,yfinance
2026-03-04,YM=F,Dow Jones Futures,futures,48796.0,0.0048599670510709,yfinance
2026-03-05,YM=F,Dow Jones Futures,futures,47983.0,-0.0166612017378473,yfinance
2026-03-06,YM=F,Dow Jones Futures,futures,47517.0,-0.0097117729195757,yfinance
2026-03-09,YM=F,Dow Jones Futures,futures,47769.0,0.0053033651114338,yfinance
2026-03-10,YM=F,Dow Jones Futures,futures,47745.0,-0.0005024178860767,yfinance
2026-03-11,YM=F,Dow Jones Futures,futures,47448.0,-0.0062205466540998,yfinance
2026-03-12,YM=F,Dow Jones Futures,futures,46721.0,-0.0153220367560276,yfinance
2026-03-13,YM=F,Dow Jones Futures,futures,46592.0,-0.0027610710387192,yfinance
2026-03-16,YM=F,Dow Jones Futures,futures,46984.0,0.0084134615384614,yfinance
2026-03-17,YM=F,Dow Jones Futures,futures,47039.0,0.0011706112719223,yfinance
2026-03-18,YM=F,Dow Jones Futures,futures,46234.0,-0.0171134590446225,yfinance
2026-03-19,YM=F,Dow Jones Futures,futures,46041.0,-0.0041744170956439,yfinance
2026-03-20,YM=F,Dow Jones Futures,futures,45897.0,-0.0031276470971525,yfinance
2026-03-23,YM=F,Dow Jones Futures,futures,46522.0,0.0136174477634702,yfinance
2026-03-24,YM=F,Dow Jones Futures,futures,46415.0,-0.002299987102876,yfinance
2026-03-25,YM=F,Dow Jones Futures,futures,46711.0,0.0063772487342455,yfinance
2026-03-26,YM=F,Dow Jones Futures,futures,46230.0,-0.0102973603647963,yfinance
2026-03-27,YM=F,Dow Jones Futures,futures,45424.0,-0.0174345662989401,yfinance
2026-03-30,YM=F,Dow Jones Futures,futures,45465.0,0.0009026065516026,yfinance
2026-03-31,YM=F,Dow Jones Futures,futures,46582.0,0.0245683492796657,yfinance
2026-04-01,YM=F,Dow Jones Futures,futures,46806.0,0.0048087243999828,yfinance
2026-04-02,YM=F,Dow Jones Futures,futures,46732.0,-0.0015809938896722,yfinance
2026-04-06,YM=F,Dow Jones Futures,futures,46902.0,0.003637764272875,yfinance
2026-04-07,YM=F,Dow Jones Futures,futures,46812.0,-0.0019188947166431,yfinance
2026-04-08,YM=F,Dow Jones Futures,futures,48144.0,0.0284542425019225,yfinance
2026-04-09,YM=F,Dow Jones Futures,futures,48416.0,0.0056497175141243,yfinance
2026-04-10,YM=F,Dow Jones Futures,futures,48129.0,-0.0059277924653007,yfinance
2026-04-13,YM=F,Dow Jones Futures,futures,48425.0,0.0061501381703339,yfinance
2026-04-14,YM=F,Dow Jones Futures,futures,48755.0,0.0068146618482189,yfinance
2026-04-15,YM=F,Dow Jones Futures,futures,48669.0,-0.0017639216490615,yfinance
2026-04-16,YM=F,Dow Jones Futures,futures,48767.0,0.0020136020875711,yfinance
2026-04-17,YM=F,Dow Jones Futures,futures,49641.0,0.0179219554206737,yfinance
2026-04-20,YM=F,Dow Jones Futures,futures,49639.0,-4.028927700894247e-05,yfinance
2026-04-21,YM=F,Dow Jones Futures,futures,49339.0,-0.006043635045025,yfinance
2026-04-22,YM=F,Dow Jones Futures,futures,49668.0,0.0066681529824277,yfinance
2026-04-23,YM=F,Dow Jones Futures,futures,49490.0,-0.00358379640815,yfinance
2026-04-24,YM=F,Dow Jones Futures,futures,49392.0,-0.0019801980198019,yfinance
2026-04-27,YM=F,Dow Jones Futures,futures,49342.0,-0.001012309685779,yfinance
2026-04-28,YM=F,Dow Jones Futures,futures,49297.0,-0.0009120019456041,yfinance
2026-04-29,YM=F,Dow Jones Futures,futures,49012.0,-0.0057812848652047,yfinance
2026-04-30,YM=F,Dow Jones Futures,futures,49835.0,0.0167918060883049,yfinance
2026-05-01,YM=F,Dow Jones Futures,futures,49646.0,-0.0037925153004916,yfinance
2026-05-04,YM=F,Dow Jones Futures,futures,49079.0,-0.011420859686581,yfinance
2026-05-05,YM=F,Dow Jones Futures,futures,49415.0,0.0068461052588684,yfinance
2026-05-06,YM=F,Dow Jones Futures,futures,50034.0,0.0125265607609026,yfinance
2026-05-07,YM=F,Dow Jones Futures,futures,49700.0,-0.0066754606867329,yfinance
2026-05-08,YM=F,Dow Jones Futures,futures,49691.0,-0.0001810865191146,yfinance
2026-05-11,YM=F,Dow Jones Futures,futures,49792.0,0.0020325612283913,yfinance
2026-05-12,YM=F,Dow Jones Futures,futures,49869.0,0.0015464331619536,yfinance
2026-05-13,YM=F,Dow Jones Futures,futures,49792.0,-0.0015440453989452,yfinance
2026-05-14,YM=F,Dow Jones Futures,futures,50154.0,0.0072702442159382,yfinance
2026-05-15,YM=F,Dow Jones Futures,futures,49617.0,-0.0107070223710969,yfinance
2026-05-18,YM=F,Dow Jones Futures,futures,49768.0,0.0030433117681438,yfinance
2026-05-19,YM=F,Dow Jones Futures,futures,49459.0,-0.0062088088731715,yfinance
2026-05-20,YM=F,Dow Jones Futures,futures,50094.0,0.0128389170828362,yfinance
2026-05-21,YM=F,Dow Jones Futures,futures,50379.0,0.0056893041082763,yfinance
2026-05-22,YM=F,Dow Jones Futures,futures,50662.0,0.005617419956728,yfinance
2026-05-26,YM=F,Dow Jones Futures,futures,50547.0,-0.0022699459160712,yfinance
2026-05-27,YM=F,Dow Jones Futures,futures,50728.0,0.0035808257661187,yfinance
2026-05-28,YM=F,Dow Jones Futures,futures,50743.0,0.0002956946853809,yfinance
2026-05-29,YM=F,Dow Jones Futures,futures,51077.0,0.0065821886762706,yfinance
2026-06-01,YM=F,Dow Jones Futures,futures,51134.0,0.0011159621747558,yfinance
2026-06-02,YM=F,Dow Jones Futures,futures,51400.0,0.0052020182266201,yfinance
2026-06-03,YM=F,Dow Jones Futures,futures,50803.0,-0.0116147859922178,yfinance
2026-06-04,YM=F,Dow Jones Futures,futures,51671.0,0.0170856051807963,yfinance
2026-06-05,YM=F,Dow Jones Futures,futures,50936.0,-0.0142246134195196,yfinance
2026-06-08,YM=F,Dow Jones Futures,futures,50856.0,-0.0015705983979896,yfinance
2026-06-09,YM=F,Dow Jones Futures,futures,50909.0,0.0010421582507471,yfinance
2026-06-10,YM=F,Dow Jones Futures,futures,49990.0,-0.0180518179496749,yfinance
2026-06-11,YM=F,Dow Jones Futures,futures,50875.0,0.0177035407081416,yfinance
2026-06-12,YM=F,Dow Jones Futures,futures,51501.0,0.0123046683046683,yfinance
